Entity,Code,Day,Total confirmed deaths due to COVID-19,Total confirmed cases of COVID-19
World,OWID_WRL,2020-01-04,0,3
World,OWID_WRL,2020-01-05,3,2
World,OWID_WRL,2020-01-06,3,5
World,OWID_WRL,2020-01-07,3,5
World,OWID_WRL,2020-01-08,3,6
World,OWID_WRL,2020-01-09,3,6
World,OWID_WRL,2020-01-10,3,6
World,OWID_WRL,2020-01-11,3,6
World,OWID_WRL,2020-01-12,4,47
World,OWID_WRL,2020-01-13,4,48
World,OWID_WRL,2020-01-14,4,53
World,OWID_WRL,2020-01-15,4,53
World,OWID_WRL,2020-01-16,4,53
World,OWID_WRL,2020-01-17,5,54
World,OWID_WRL,2020-01-18,5,58
World,OWID_WRL,2020-01-19,6,137
World,OWID_WRL,2020-01-20,7,215
World,OWID_WRL,2020-01-21,9,308
World,OWID_WRL,2020-01-22,20,456
World,OWID_WRL,2020-01-23,21,586
World,OWID_WRL,2020-01-24,29,857
World,OWID_WRL,2020-01-25,45,1330
World,OWID_WRL,2020-01-26,62,2032
World,OWID_WRL,2020-01-27,88,2822
World,OWID_WRL,2020-01-28,137,4597
World,OWID_WRL,2020-01-29,139,6074
World,OWID_WRL,2020-01-30,177,7832
World,OWID_WRL,2020-01-31,219,9843
World,OWID_WRL,2020-02-01,266,11952
World,OWID_WRL,2020-02-02,372,14570
World,OWID_WRL,2020-02-03,436,17406
World,OWID_WRL,2020-02-04,503,20659
World,OWID_WRL,2020-02-05,575,24591
World,OWID_WRL,2020-02-06,645,28307
World,OWID_WRL,2020-02-07,730,31462
World,OWID_WRL,2020-02-08,817,34859
World,OWID_WRL,2020-02-09,917,37555
World,OWID_WRL,2020-02-10,1024,40548
World,OWID_WRL,2020-02-11,1124,43030
World,OWID_WRL,2020-02-12,1129,45064
World,OWID_WRL,2020-02-13,1382,60232
World,OWID_WRL,2020-02-14,1534,64300
World,OWID_WRL,2020-02-15,1676,66960
World,OWID_WRL,2020-02-16,1781,69004
World,OWID_WRL,2020-02-17,1879,71063
World,OWID_WRL,2020-02-18,2018,72971
World,OWID_WRL,2020-02-19,2131,74770
World,OWID_WRL,2020-02-20,2256,75194
World,OWID_WRL,2020-02-21,2256,76188
World,OWID_WRL,2020-02-22,2465,77256
World,OWID_WRL,2020-02-23,2471,78246
World,OWID_WRL,2020-02-24,2630,78762
World,OWID_WRL,2020-02-25,2709,79556
World,OWID_WRL,2020-02-26,2771,80401
World,OWID_WRL,2020-02-27,2809,81494
World,OWID_WRL,2020-02-28,2866,82692
World,OWID_WRL,2020-02-29,2930,84508
World,OWID_WRL,2020-03-01,2986,86514
World,OWID_WRL,2020-03-02,3053,88450
World,OWID_WRL,2020-03-03,3121,90250
World,OWID_WRL,2020-03-04,3208,92465
World,OWID_WRL,2020-03-05,3297,94626
World,OWID_WRL,2020-03-06,3395,97120
World,OWID_WRL,2020-03-07,3497,100370
World,OWID_WRL,2020-03-08,3635,106720
World,OWID_WRL,2020-03-09,3858,109988
World,OWID_WRL,2020-03-10,4031,113846
World,OWID_WRL,2020-03-11,4300,117771
World,OWID_WRL,2020-03-12,4605,123780
World,OWID_WRL,2020-03-13,4925,130528
World,OWID_WRL,2020-03-14,5326,137844
World,OWID_WRL,2020-03-15,6289,167154
World,OWID_WRL,2020-03-16,6853,175719
World,OWID_WRL,2020-03-17,7441,186075
World,OWID_WRL,2020-03-18,8078,197606
World,OWID_WRL,2020-03-19,8870,211785
World,OWID_WRL,2020-03-20,9693,228824
World,OWID_WRL,2020-03-21,10757,249323
World,OWID_WRL,2020-03-22,15986,338474
World,OWID_WRL,2020-03-23,17179,360934
World,OWID_WRL,2020-03-24,18415,387483
World,OWID_WRL,2020-03-25,19911,417501
World,OWID_WRL,2020-03-26,21509,448799
World,OWID_WRL,2020-03-27,23339,486811
World,OWID_WRL,2020-03-28,25598,531478
World,OWID_WRL,2020-03-29,38270,689952
World,OWID_WRL,2020-03-30,40691,733164
World,OWID_WRL,2020-03-31,43591,782062
World,OWID_WRL,2020-04-01,46617,825976
World,OWID_WRL,2020-04-02,50038,878020
World,OWID_WRL,2020-04-03,53833,936947
World,OWID_WRL,2020-04-04,57964,997748
World,OWID_WRL,2020-04-05,75116,1156214
World,OWID_WRL,2020-04-06,79516,1216009
World,OWID_WRL,2020-04-07,84394,1270693
World,OWID_WRL,2020-04-08,89114,1331113
World,OWID_WRL,2020-04-09,94406,1394724
World,OWID_WRL,2020-04-10,100110,1464385
World,OWID_WRL,2020-04-11,105718,1537112
World,OWID_WRL,2020-04-12,122790,1680573
World,OWID_WRL,2020-04-13,128292,1744894
World,OWID_WRL,2020-04-14,133502,1802569
World,OWID_WRL,2020-04-15,138879,1859713
World,OWID_WRL,2020-04-16,144746,1922225
World,OWID_WRL,2020-04-17,150961,1989294
World,OWID_WRL,2020-04-18,158277,2063301
World,OWID_WRL,2020-04-19,172747,2187579
World,OWID_WRL,2020-04-20,177835,2253980
World,OWID_WRL,2020-04-21,183017,2318626
World,OWID_WRL,2020-04-22,188484,2383921
World,OWID_WRL,2020-04-23,194393,2450844
World,OWID_WRL,2020-04-24,199977,2523363
World,OWID_WRL,2020-04-25,205466,2612540
World,OWID_WRL,2020-04-26,217156,2727847
World,OWID_WRL,2020-04-27,222110,2803877
World,OWID_WRL,2020-04-28,226744,2869129
World,OWID_WRL,2020-04-29,231677,2934249
World,OWID_WRL,2020-04-30,237133,3004930
World,OWID_WRL,2020-05-01,242859,3080924
World,OWID_WRL,2020-05-02,248456,3164713
World,OWID_WRL,2020-05-03,258286,3273485
World,OWID_WRL,2020-05-04,263081,3351094
World,OWID_WRL,2020-05-05,267531,3427499
World,OWID_WRL,2020-05-06,271956,3500122
World,OWID_WRL,2020-05-07,277997,3575229
World,OWID_WRL,2020-05-08,283790,3660110
World,OWID_WRL,2020-05-09,289342,3747630
World,OWID_WRL,2020-05-10,297209,3855018
World,OWID_WRL,2020-05-11,302377,3940757
World,OWID_WRL,2020-05-12,306568,4011071
World,OWID_WRL,2020-05-13,310700,4087129
World,OWID_WRL,2020-05-14,315801,4170058
World,OWID_WRL,2020-05-15,320726,4253962
World,OWID_WRL,2020-05-16,326227,4352823
World,OWID_WRL,2020-05-17,333374,4465608
World,OWID_WRL,2020-05-18,338064,4559352
World,OWID_WRL,2020-05-19,341995,4636006
World,OWID_WRL,2020-05-20,346301,4727741
World,OWID_WRL,2020-05-21,351396,4828051
World,OWID_WRL,2020-05-22,356400,4933491
World,OWID_WRL,2020-05-23,361331,5037412
World,OWID_WRL,2020-05-24,368122,5162295
World,OWID_WRL,2020-05-25,372347,5257780
World,OWID_WRL,2020-05-26,376403,5348913
World,OWID_WRL,2020-05-27,380549,5436076
World,OWID_WRL,2020-05-28,385147,5532600
World,OWID_WRL,2020-05-29,390229,5638182
World,OWID_WRL,2020-05-30,395522,5756132
World,OWID_WRL,2020-05-31,401490,5891298
World,OWID_WRL,2020-06-01,406125,6016416
World,OWID_WRL,2020-06-02,410277,6123646
World,OWID_WRL,2020-06-03,414508,6220499
World,OWID_WRL,2020-06-04,419748,6342164
World,OWID_WRL,2020-06-05,425183,6466322
World,OWID_WRL,2020-06-06,430651,6591033
World,OWID_WRL,2020-06-07,436372,6735960
World,OWID_WRL,2020-06-08,441373,6859391
World,OWID_WRL,2020-06-09,445412,6967279
World,OWID_WRL,2020-06-10,449933,7073900
World,OWID_WRL,2020-06-11,455258,7203060
World,OWID_WRL,2020-06-12,460733,7341380
World,OWID_WRL,2020-06-13,466181,7480732
World,OWID_WRL,2020-06-14,471648,7638610
World,OWID_WRL,2020-06-15,476365,7769047
World,OWID_WRL,2020-06-16,480760,7885923
World,OWID_WRL,2020-06-17,486777,8006892
World,OWID_WRL,2020-06-18,492287,8186697
World,OWID_WRL,2020-06-19,497879,8331528
World,OWID_WRL,2020-06-20,503396,8471976
World,OWID_WRL,2020-06-21,509097,8670022
World,OWID_WRL,2020-06-22,514147,8822546
World,OWID_WRL,2020-06-23,518227,8950776
World,OWID_WRL,2020-06-24,522498,9089247
World,OWID_WRL,2020-06-25,528027,9259588
World,OWID_WRL,2020-06-26,533360,9436294
World,OWID_WRL,2020-06-27,540375,9618921
World,OWID_WRL,2020-06-28,545826,9828139
World,OWID_WRL,2020-06-29,550796,10003812
World,OWID_WRL,2020-06-30,555163,10159698
World,OWID_WRL,2020-07-01,560016,10326689
World,OWID_WRL,2020-07-02,565278,10507928
World,OWID_WRL,2020-07-03,570603,10716241
World,OWID_WRL,2020-07-04,576132,10927178
World,OWID_WRL,2020-07-05,582194,11156786
World,OWID_WRL,2020-07-06,587411,11345259
World,OWID_WRL,2020-07-07,592100,11509695
World,OWID_WRL,2020-07-08,597134,11682891
World,OWID_WRL,2020-07-09,602990,11893903
World,OWID_WRL,2020-07-10,608896,12115931
World,OWID_WRL,2020-07-11,614851,12335049
World,OWID_WRL,2020-07-12,620989,12585836
World,OWID_WRL,2020-07-13,626806,12801518
World,OWID_WRL,2020-07-14,631951,12992252
World,OWID_WRL,2020-07-15,637258,13181146
World,OWID_WRL,2020-07-16,643423,13408636
World,OWID_WRL,2020-07-17,649914,13648565
World,OWID_WRL,2020-07-18,657114,13890510
World,OWID_WRL,2020-07-19,663548,14159991
World,OWID_WRL,2020-07-20,669530,14386266
World,OWID_WRL,2020-07-21,675046,14587369
World,OWID_WRL,2020-07-22,680614,14792392
World,OWID_WRL,2020-07-23,688198,15035977
World,OWID_WRL,2020-07-24,694689,15321464
World,OWID_WRL,2020-07-25,701404,15598800
World,OWID_WRL,2020-07-26,708332,15902862
World,OWID_WRL,2020-07-27,714598,16150667
World,OWID_WRL,2020-07-28,720134,16361932
World,OWID_WRL,2020-07-29,726109,16585049
World,OWID_WRL,2020-07-30,732428,16839645
World,OWID_WRL,2020-07-31,739601,17133672
World,OWID_WRL,2020-08-01,746204,17417282
World,OWID_WRL,2020-08-02,753157,17742098
World,OWID_WRL,2020-08-03,759731,17991188
World,OWID_WRL,2020-08-04,765498,18209340
World,OWID_WRL,2020-08-05,771348,18421718
World,OWID_WRL,2020-08-06,778171,18685083
World,OWID_WRL,2020-08-07,785246,18967186
World,OWID_WRL,2020-08-08,791875,19239919
World,OWID_WRL,2020-08-09,798846,19580762
World,OWID_WRL,2020-08-10,805311,19834373
World,OWID_WRL,2020-08-11,810893,20046760
World,OWID_WRL,2020-08-12,816427,20267707
World,OWID_WRL,2020-08-13,823194,20548035
World,OWID_WRL,2020-08-14,830028,20827157
World,OWID_WRL,2020-08-15,836621,21111476
World,OWID_WRL,2020-08-16,843534,21466038
World,OWID_WRL,2020-08-17,849366,21707541
World,OWID_WRL,2020-08-18,854788,21918399
World,OWID_WRL,2020-08-19,860375,22138776
World,OWID_WRL,2020-08-20,866833,22403324
World,OWID_WRL,2020-08-21,873562,22675139
World,OWID_WRL,2020-08-22,879696,22938017
World,OWID_WRL,2020-08-23,886245,23289560
World,OWID_WRL,2020-08-24,892126,23534895
World,OWID_WRL,2020-08-25,897303,23745674
World,OWID_WRL,2020-08-26,902634,23963439
World,OWID_WRL,2020-08-27,909011,24230735
World,OWID_WRL,2020-08-28,915335,24502680
World,OWID_WRL,2020-08-29,921097,24770477
World,OWID_WRL,2020-08-30,927708,25164788
World,OWID_WRL,2020-08-31,933440,25421594
World,OWID_WRL,2020-09-01,938190,25631296
World,OWID_WRL,2020-09-02,943244,25885899
World,OWID_WRL,2020-09-03,949394,26152083
World,OWID_WRL,2020-09-04,955548,26430016
World,OWID_WRL,2020-09-05,961194,26707347
World,OWID_WRL,2020-09-06,967708,27149834
World,OWID_WRL,2020-09-07,976817,27397325
World,OWID_WRL,2020-09-08,983367,27611814
World,OWID_WRL,2020-09-09,987978,27833147
World,OWID_WRL,2020-09-10,992914,28079679
World,OWID_WRL,2020-09-11,998742,28356064
World,OWID_WRL,2020-09-12,1004370,28639058
World,OWID_WRL,2020-09-13,1010950,29106226
World,OWID_WRL,2020-09-14,1016167,29370531
World,OWID_WRL,2020-09-15,1021130,29599575
World,OWID_WRL,2020-09-16,1025855,29844563
World,OWID_WRL,2020-09-17,1031574,30122701
World,OWID_WRL,2020-09-18,1037518,30414569
World,OWID_WRL,2020-09-19,1042872,30701024
World,OWID_WRL,2020-09-20,1049992,31202249
World,OWID_WRL,2020-09-21,1054986,31467215
World,OWID_WRL,2020-09-22,1059443,31693025
World,OWID_WRL,2020-09-23,1064148,31944981
World,OWID_WRL,2020-09-24,1069492,32236373
World,OWID_WRL,2020-09-25,1075043,32523021
World,OWID_WRL,2020-09-26,1080547,32810069
World,OWID_WRL,2020-09-27,1087710,33306279
World,OWID_WRL,2020-09-28,1092783,33569734
World,OWID_WRL,2020-09-29,1097144,33793677
World,OWID_WRL,2020-09-30,1101747,34047591
World,OWID_WRL,2020-10-01,1107339,34338239
World,OWID_WRL,2020-10-02,1112956,34636313
World,OWID_WRL,2020-10-03,1117991,34930539
World,OWID_WRL,2020-10-04,1125281,35439403
World,OWID_WRL,2020-10-05,1130123,35712393
World,OWID_WRL,2020-10-06,1134633,35942219
World,OWID_WRL,2020-10-07,1139231,36214428
World,OWID_WRL,2020-10-08,1144678,36535711
World,OWID_WRL,2020-10-09,1150498,36849866
World,OWID_WRL,2020-10-10,1155721,37170158
World,OWID_WRL,2020-10-11,1163407,37804565
World,OWID_WRL,2020-10-12,1168037,38089418
World,OWID_WRL,2020-10-13,1172503,38342790
World,OWID_WRL,2020-10-14,1176923,38635206
World,OWID_WRL,2020-10-15,1181661,38949537
World,OWID_WRL,2020-10-16,1187061,39288798
World,OWID_WRL,2020-10-17,1192455,39629853
World,OWID_WRL,2020-10-18,1201494,40402841
World,OWID_WRL,2020-10-19,1206319,40706443
World,OWID_WRL,2020-10-20,1211074,40980089
World,OWID_WRL,2020-10-21,1216130,41322837
World,OWID_WRL,2020-10-22,1221773,41693797
World,OWID_WRL,2020-10-23,1227843,42079974
World,OWID_WRL,2020-10-24,1233498,42471412
World,OWID_WRL,2020-10-25,1244509,43493739
World,OWID_WRL,2020-10-26,1249916,43845801
World,OWID_WRL,2020-10-27,1254892,44149687
World,OWID_WRL,2020-10-28,1260386,44535390
World,OWID_WRL,2020-10-29,1266459,44952956
World,OWID_WRL,2020-10-30,1272783,45381521
World,OWID_WRL,2020-10-31,1279063,45818809
World,OWID_WRL,2020-11-01,1294007,47020380
World,OWID_WRL,2020-11-02,1299964,47400135
World,OWID_WRL,2020-11-03,1305571,47806989
World,OWID_WRL,2020-11-04,1311757,48220830
World,OWID_WRL,2020-11-05,1318816,48668815
World,OWID_WRL,2020-11-06,1326376,49150861
World,OWID_WRL,2020-11-07,1334103,49640932
World,OWID_WRL,2020-11-08,1353058,50877968
World,OWID_WRL,2020-11-09,1359472,51319112
World,OWID_WRL,2020-11-10,1365882,51715221
World,OWID_WRL,2020-11-11,1373028,52180458
World,OWID_WRL,2020-11-12,1381058,52693146
World,OWID_WRL,2020-11-13,1388970,53237522
World,OWID_WRL,2020-11-14,1397159,53775189
World,OWID_WRL,2020-11-15,1418480,54927215
World,OWID_WRL,2020-11-16,1426520,55405526
World,OWID_WRL,2020-11-17,1433294,55825749
World,OWID_WRL,2020-11-18,1440588,56298837
World,OWID_WRL,2020-11-19,1449517,56836772
World,OWID_WRL,2020-11-20,1458661,57381218
World,OWID_WRL,2020-11-21,1468015,57933904
World,OWID_WRL,2020-11-22,1491955,59038028
World,OWID_WRL,2020-11-23,1500092,59521732
World,OWID_WRL,2020-11-24,1508200,59948853
World,OWID_WRL,2020-11-25,1516879,60431240
World,OWID_WRL,2020-11-26,1526121,60958622
World,OWID_WRL,2020-11-27,1536011,61542851
World,OWID_WRL,2020-11-28,1545062,62060507
World,OWID_WRL,2020-11-29,1568132,63060175
World,OWID_WRL,2020-11-30,1576064,63533703
World,OWID_WRL,2020-12-01,1584069,63966937
World,OWID_WRL,2020-12-02,1592797,64449691
World,OWID_WRL,2020-12-03,1602680,65020181
World,OWID_WRL,2020-12-04,1613188,65615130
World,OWID_WRL,2020-12-05,1623550,66212645
World,OWID_WRL,2020-12-06,1647577,67261014
World,OWID_WRL,2020-12-07,1656266,67778270
World,OWID_WRL,2020-12-08,1664042,68242634
World,OWID_WRL,2020-12-09,1673248,68756971
World,OWID_WRL,2020-12-10,1682998,69359018
World,OWID_WRL,2020-12-11,1694164,69958968
World,OWID_WRL,2020-12-12,1704254,70544114
World,OWID_WRL,2020-12-13,1730039,71655492
World,OWID_WRL,2020-12-14,1739044,72180897
World,OWID_WRL,2020-12-15,1747547,72646603
World,OWID_WRL,2020-12-16,1757008,73191588
World,OWID_WRL,2020-12-17,1767443,73765922
World,OWID_WRL,2020-12-18,1778456,74407939
World,OWID_WRL,2020-12-19,1789840,75051194
World,OWID_WRL,2020-12-20,1815729,76197924
World,OWID_WRL,2020-12-21,1825285,76717527
World,OWID_WRL,2020-12-22,1833952,77194817
World,OWID_WRL,2020-12-23,1843585,77721189
World,OWID_WRL,2020-12-24,1854450,78313653
World,OWID_WRL,2020-12-25,1865271,78900374
World,OWID_WRL,2020-12-26,1875326,79444650
World,OWID_WRL,2020-12-27,1897520,80316045
World,OWID_WRL,2020-12-28,1905700,80722982
World,OWID_WRL,2020-12-29,1914646,81168601
World,OWID_WRL,2020-12-30,1924783,81682136
World,OWID_WRL,2020-12-31,1936739,82334829
World,OWID_WRL,2021-01-01,1949095,82995755
World,OWID_WRL,2021-01-02,1960364,83586397
World,OWID_WRL,2021-01-03,1983819,84562686
World,OWID_WRL,2021-01-04,1992973,85080521
World,OWID_WRL,2021-01-05,2001841,85602975
World,OWID_WRL,2021-01-06,2012169,86173388
World,OWID_WRL,2021-01-07,2024468,86858498
World,OWID_WRL,2021-01-08,2036938,87553120
World,OWID_WRL,2021-01-09,2050219,88271823
World,OWID_WRL,2021-01-10,2076170,89570304
World,OWID_WRL,2021-01-11,2087574,90179242
World,OWID_WRL,2021-01-12,2098247,90720667
World,OWID_WRL,2021-01-13,2110066,91285414
World,OWID_WRL,2021-01-14,2123405,91913644
World,OWID_WRL,2021-01-15,2137144,92536583
World,OWID_WRL,2021-01-16,2150408,93153061
World,OWID_WRL,2021-01-17,2177140,94423623
World,OWID_WRL,2021-01-18,2189198,94955226
World,OWID_WRL,2021-01-19,2200424,95424476
World,OWID_WRL,2021-01-20,2212168,95896952
World,OWID_WRL,2021-01-21,2225134,96413774
World,OWID_WRL,2021-01-22,2239305,96967794
World,OWID_WRL,2021-01-23,2252920,97495593
World,OWID_WRL,2021-01-24,2280859,98650747
World,OWID_WRL,2021-01-25,2292597,99103762
World,OWID_WRL,2021-01-26,2303659,99484176
World,OWID_WRL,2021-01-27,2315161,99906296
World,OWID_WRL,2021-01-28,2328888,100382643
World,OWID_WRL,2021-01-29,2342436,100876598
World,OWID_WRL,2021-01-30,2355622,101351281
World,OWID_WRL,2021-01-31,2381520,102386678
World,OWID_WRL,2021-02-01,2392443,102784260
World,OWID_WRL,2021-02-02,2402307,103115302
World,OWID_WRL,2021-02-03,2412935,103489297
World,OWID_WRL,2021-02-04,2424756,103904068
World,OWID_WRL,2021-02-05,2436546,104305986
World,OWID_WRL,2021-02-06,2447562,104717541
World,OWID_WRL,2021-02-07,2470812,105552157
World,OWID_WRL,2021-02-08,2480577,105892607
World,OWID_WRL,2021-02-09,2489032,106186728
World,OWID_WRL,2021-02-10,2498350,106495758
World,OWID_WRL,2021-02-11,2508926,106850064
World,OWID_WRL,2021-02-12,2519605,107223193
World,OWID_WRL,2021-02-13,2530469,107590071
World,OWID_WRL,2021-02-14,2552308,108272971
World,OWID_WRL,2021-02-15,2561727,108564290
World,OWID_WRL,2021-02-16,2569489,108821814
World,OWID_WRL,2021-02-17,2577181,109111032
World,OWID_WRL,2021-02-18,2585379,109430345
World,OWID_WRL,2021-02-19,2594519,109763133
World,OWID_WRL,2021-02-20,2603816,110095048
World,OWID_WRL,2021-02-21,2620744,110747235
World,OWID_WRL,2021-02-22,2628505,111048934
World,OWID_WRL,2021-02-23,2635654,111315406
World,OWID_WRL,2021-02-24,2643227,111612952
World,OWID_WRL,2021-02-25,2651537,111975196
World,OWID_WRL,2021-02-26,2660266,112345529
World,OWID_WRL,2021-02-27,2669699,112712880
World,OWID_WRL,2021-02-28,2684750,113408711
World,OWID_WRL,2021-03-01,2692262,113722475
World,OWID_WRL,2021-03-02,2698842,113992341
World,OWID_WRL,2021-03-03,2706024,114304056
World,OWID_WRL,2021-03-04,2713809,114662045
World,OWID_WRL,2021-03-05,2722600,115040048
World,OWID_WRL,2021-03-06,2730510,115415597
World,OWID_WRL,2021-03-07,2745233,116146282
World,OWID_WRL,2021-03-08,2752278,116466455
World,OWID_WRL,2021-03-09,2758970,116788780
World,OWID_WRL,2021-03-10,2765748,117100842
World,OWID_WRL,2021-03-11,2773766,117486817
World,OWID_WRL,2021-03-12,2782774,117892160
World,OWID_WRL,2021-03-13,2791222,118297313
World,OWID_WRL,2021-03-14,2805920,119109525
World,OWID_WRL,2021-03-15,2813223,119459490
World,OWID_WRL,2021-03-16,2819843,119771224
World,OWID_WRL,2021-03-17,2826823,120121524
World,OWID_WRL,2021-03-18,2835682,120564146
World,OWID_WRL,2021-03-19,2844669,121024195
World,OWID_WRL,2021-03-20,2853517,121485478
World,OWID_WRL,2021-03-21,2869103,122437846
World,OWID_WRL,2021-03-22,2878943,122847090
World,OWID_WRL,2021-03-23,2885864,123208596
World,OWID_WRL,2021-03-24,2893757,123621390
World,OWID_WRL,2021-03-25,2903278,124116726
World,OWID_WRL,2021-03-26,2911927,124639041
World,OWID_WRL,2021-03-27,2921071,125158166
World,OWID_WRL,2021-03-28,2938189,126270356
World,OWID_WRL,2021-03-29,2947155,126736458
World,OWID_WRL,2021-03-30,2955253,127141849
World,OWID_WRL,2021-03-31,2963613,127584706
World,OWID_WRL,2021-04-01,2974220,128123270
World,OWID_WRL,2021-04-02,2984884,128682702
World,OWID_WRL,2021-04-03,2995648,129250022
World,OWID_WRL,2021-04-04,3013624,130384231
World,OWID_WRL,2021-04-05,3021791,130852623
World,OWID_WRL,2021-04-06,3028673,131279347
World,OWID_WRL,2021-04-07,3037244,131764911
World,OWID_WRL,2021-04-08,3049695,132387672
World,OWID_WRL,2021-04-09,3061504,133045740
World,OWID_WRL,2021-04-10,3074048,133696881
World,OWID_WRL,2021-04-11,3094003,134943305
World,OWID_WRL,2021-04-12,3104004,135551141
World,OWID_WRL,2021-04-13,3113366,136099259
World,OWID_WRL,2021-04-14,3123089,136708246
World,OWID_WRL,2021-04-15,3135464,137416188
World,OWID_WRL,2021-04-16,3147591,138124833
World,OWID_WRL,2021-04-17,3159845,138842310
World,OWID_WRL,2021-04-18,3179913,140176140
World,OWID_WRL,2021-04-19,3191312,140883759
World,OWID_WRL,2021-04-20,3201518,141522948
World,OWID_WRL,2021-04-21,3212357,142202044
World,OWID_WRL,2021-04-22,3225447,142986022
World,OWID_WRL,2021-04-23,3238668,143786653
World,OWID_WRL,2021-04-24,3250547,144549475
World,OWID_WRL,2021-04-25,3271344,145872129
World,OWID_WRL,2021-04-26,3283878,146606810
World,OWID_WRL,2021-04-27,3294762,147255401
World,OWID_WRL,2021-04-28,3306299,147948941
World,OWID_WRL,2021-04-29,3320468,148743991
World,OWID_WRL,2021-04-30,3334189,149549111
World,OWID_WRL,2021-05-01,3347463,150338385
World,OWID_WRL,2021-05-02,3367347,151566170
World,OWID_WRL,2021-05-03,3379535,152276590
World,OWID_WRL,2021-05-04,3390088,152914891
World,OWID_WRL,2021-05-05,3401354,153595046
World,OWID_WRL,2021-05-06,3414976,154372056
World,OWID_WRL,2021-05-07,3428237,155156967
World,OWID_WRL,2021-05-08,3441143,155914883
World,OWID_WRL,2021-05-09,3459580,157030745
World,OWID_WRL,2021-05-10,3471617,157704138
World,OWID_WRL,2021-05-11,3482534,158310883
World,OWID_WRL,2021-05-12,3493599,158920740
World,OWID_WRL,2021-05-13,3506269,159617292
World,OWID_WRL,2021-05-14,3518884,160292848
World,OWID_WRL,2021-05-15,3530759,160934892
World,OWID_WRL,2021-05-16,3547180,161842784
World,OWID_WRL,2021-05-17,3558906,162430633
World,OWID_WRL,2021-05-18,3570079,162954445
World,OWID_WRL,2021-05-19,3581537,163485282
World,OWID_WRL,2021-05-20,3594014,164089891
World,OWID_WRL,2021-05-21,3606519,164688401
World,OWID_WRL,2021-05-22,3618760,165273935
World,OWID_WRL,2021-05-23,3633369,166058590
World,OWID_WRL,2021-05-24,3644475,166565489
World,OWID_WRL,2021-05-25,3653539,166997850
World,OWID_WRL,2021-05-26,3664161,167463709
World,OWID_WRL,2021-05-27,3675617,167998154
World,OWID_WRL,2021-05-28,3687181,168516781
World,OWID_WRL,2021-05-29,3698191,168992343
World,OWID_WRL,2021-05-30,3711973,169606094
World,OWID_WRL,2021-05-31,3722088,170052213
World,OWID_WRL,2021-06-01,3730419,170424724
World,OWID_WRL,2021-06-02,3739316,170799276
World,OWID_WRL,2021-06-03,3749453,171235695
World,OWID_WRL,2021-06-04,3759764,171689752
World,OWID_WRL,2021-06-05,3769652,172110040
World,OWID_WRL,2021-06-06,3780423,172612113
World,OWID_WRL,2021-06-07,3789095,172979299
World,OWID_WRL,2021-06-08,3796933,173292839
World,OWID_WRL,2021-06-09,3805030,173623707
World,OWID_WRL,2021-06-10,3818409,173987574
World,OWID_WRL,2021-06-11,3829518,174396962
World,OWID_WRL,2021-06-12,3840562,174788421
World,OWID_WRL,2021-06-13,3851602,175260008
World,OWID_WRL,2021-06-14,3861938,175615527
World,OWID_WRL,2021-06-15,3870057,175914844
World,OWID_WRL,2021-06-16,3877820,176220604
World,OWID_WRL,2021-06-17,3887370,176594854
World,OWID_WRL,2021-06-18,3896684,176993753
World,OWID_WRL,2021-06-19,3905161,177358982
World,OWID_WRL,2021-06-20,3914518,177797150
World,OWID_WRL,2021-06-21,3922492,178136239
World,OWID_WRL,2021-06-22,3929252,178437581
World,OWID_WRL,2021-06-23,3936291,178754010
World,OWID_WRL,2021-06-24,3944761,179158103
World,OWID_WRL,2021-06-25,3953303,179587433
World,OWID_WRL,2021-06-26,3961512,179974209
World,OWID_WRL,2021-06-27,3970592,180429029
World,OWID_WRL,2021-06-28,3977873,180791367
World,OWID_WRL,2021-06-29,3984444,181110716
World,OWID_WRL,2021-06-30,3990970,181452502
World,OWID_WRL,2021-07-01,3999190,181857629
World,OWID_WRL,2021-07-02,4007996,182244317
World,OWID_WRL,2021-07-03,4015964,182654350
World,OWID_WRL,2021-07-04,4024258,183189357
World,OWID_WRL,2021-07-05,4031645,183561811
World,OWID_WRL,2021-07-06,4038312,183900215
World,OWID_WRL,2021-07-07,4045487,184273874
World,OWID_WRL,2021-07-08,4053827,184729666
World,OWID_WRL,2021-07-09,4061935,185181849
World,OWID_WRL,2021-07-10,4070291,185782038
World,OWID_WRL,2021-07-11,4078862,186475533
World,OWID_WRL,2021-07-12,4086547,186885333
World,OWID_WRL,2021-07-13,4094336,187268937
World,OWID_WRL,2021-07-14,4101720,187710753
World,OWID_WRL,2021-07-15,4109853,188207944
World,OWID_WRL,2021-07-16,4118315,188726897
World,OWID_WRL,2021-07-17,4126543,189240295
World,OWID_WRL,2021-07-18,4135172,190082675
World,OWID_WRL,2021-07-19,4142696,190508385
World,OWID_WRL,2021-07-20,4149887,190918771
World,OWID_WRL,2021-07-21,4169810,191371501
World,OWID_WRL,2021-07-22,4178077,191848731
World,OWID_WRL,2021-07-23,4186675,192353398
World,OWID_WRL,2021-07-24,4195494,192867841
World,OWID_WRL,2021-07-25,4204805,193839779
World,OWID_WRL,2021-07-26,4213405,194294292
World,OWID_WRL,2021-07-27,4222110,194735185
World,OWID_WRL,2021-07-28,4230688,195268326
World,OWID_WRL,2021-07-29,4240798,195858277
World,OWID_WRL,2021-07-30,4250490,196454327
World,OWID_WRL,2021-07-31,4259908,197034285
World,OWID_WRL,2021-08-01,4269898,197983827
World,OWID_WRL,2021-08-02,4278883,198483347
World,OWID_WRL,2021-08-03,4287952,198968553
World,OWID_WRL,2021-08-04,4297178,199539617
World,OWID_WRL,2021-08-05,4307216,200152139
World,OWID_WRL,2021-08-06,4317686,200821076
World,OWID_WRL,2021-08-07,4327721,201446362
World,OWID_WRL,2021-08-08,4338810,202405736
World,OWID_WRL,2021-08-09,4348627,202957895
World,OWID_WRL,2021-08-10,4357552,203464860
World,OWID_WRL,2021-08-11,4366661,204028809
World,OWID_WRL,2021-08-12,4376951,204660776
World,OWID_WRL,2021-08-13,4387018,205315014
World,OWID_WRL,2021-08-14,4396971,205969340
World,OWID_WRL,2021-08-15,4408507,206925679
World,OWID_WRL,2021-08-16,4418404,207474988
World,OWID_WRL,2021-08-17,4426881,207994476
World,OWID_WRL,2021-08-18,4435966,208575418
World,OWID_WRL,2021-08-19,4446710,209255214
World,OWID_WRL,2021-08-20,4457487,209926041
World,OWID_WRL,2021-08-21,4467352,210577776
World,OWID_WRL,2021-08-22,4479937,211524762
World,OWID_WRL,2021-08-23,4489759,212056942
World,OWID_WRL,2021-08-24,4498241,212578265
World,OWID_WRL,2021-08-25,4507947,213166489
World,OWID_WRL,2021-08-26,4518636,213826977
World,OWID_WRL,2021-08-27,4528608,214487398
World,OWID_WRL,2021-08-28,4538594,215152043
World,OWID_WRL,2021-08-29,4550777,216093615
World,OWID_WRL,2021-08-30,4559687,216632952
World,OWID_WRL,2021-08-31,4568478,217121599
World,OWID_WRL,2021-09-01,4577641,217673602
World,OWID_WRL,2021-09-02,4587364,218308696
World,OWID_WRL,2021-09-03,4597246,218956187
World,OWID_WRL,2021-09-04,4606866,219578289
World,OWID_WRL,2021-09-05,4618650,220453501
World,OWID_WRL,2021-09-06,4627714,220956996
World,OWID_WRL,2021-09-07,4635802,221433542
World,OWID_WRL,2021-09-08,4644137,221946165
World,OWID_WRL,2021-09-09,4652431,222463594
World,OWID_WRL,2021-09-10,4660741,223016423
World,OWID_WRL,2021-09-11,4670000,223600157
World,OWID_WRL,2021-09-12,4681258,224384303
World,OWID_WRL,2021-09-13,4690065,224848982
World,OWID_WRL,2021-09-14,4697196,225289317
World,OWID_WRL,2021-09-15,4704659,225765576
World,OWID_WRL,2021-09-16,4713770,226292925
World,OWID_WRL,2021-09-17,4723022,226809421
World,OWID_WRL,2021-09-18,4731197,227344689
World,OWID_WRL,2021-09-19,4742138,228070078
World,OWID_WRL,2021-09-20,4749834,228628813
World,OWID_WRL,2021-09-21,4756091,229030406
World,OWID_WRL,2021-09-22,4763316,229461809
World,OWID_WRL,2021-09-23,4771788,229932382
World,OWID_WRL,2021-09-24,4779543,230428115
World,OWID_WRL,2021-09-25,4787189,230905245
World,OWID_WRL,2021-09-26,4797558,231577952
World,OWID_WRL,2021-09-27,4803930,231957614
World,OWID_WRL,2021-09-28,4810188,232302443
World,OWID_WRL,2021-09-29,4817351,232719837
World,OWID_WRL,2021-09-30,4825256,233160991
World,OWID_WRL,2021-10-01,4832849,233601593
World,OWID_WRL,2021-10-02,4839884,234041096
World,OWID_WRL,2021-10-03,4849957,234688775
World,OWID_WRL,2021-10-04,4855632,235025282
World,OWID_WRL,2021-10-05,4860649,235348717
World,OWID_WRL,2021-10-06,4866536,235738876
World,OWID_WRL,2021-10-07,4873865,236156119
World,OWID_WRL,2021-10-08,4881038,236580409
World,OWID_WRL,2021-10-09,4887646,236984097
World,OWID_WRL,2021-10-10,4898313,237646067
World,OWID_WRL,2021-10-11,4903476,237968398
World,OWID_WRL,2021-10-12,4908791,238280395
World,OWID_WRL,2021-10-13,4914453,238655903
World,OWID_WRL,2021-10-14,4921040,239048366
World,OWID_WRL,2021-10-15,4927557,239440097
World,OWID_WRL,2021-10-16,4933777,239840127
World,OWID_WRL,2021-10-17,4944401,240529674
World,OWID_WRL,2021-10-18,4949645,240844036
World,OWID_WRL,2021-10-19,4954379,241152852
World,OWID_WRL,2021-10-20,4961074,241536179
World,OWID_WRL,2021-10-21,4967631,241937627
World,OWID_WRL,2021-10-22,4974274,242339161
World,OWID_WRL,2021-10-23,4980637,242733208
World,OWID_WRL,2021-10-24,4993754,243536201
World,OWID_WRL,2021-10-25,4998963,243832425
World,OWID_WRL,2021-10-26,5003665,244112462
World,OWID_WRL,2021-10-27,5009735,244506169
World,OWID_WRL,2021-10-28,5017394,244927718
World,OWID_WRL,2021-10-29,5024425,245336193
World,OWID_WRL,2021-10-30,5030936,245766565
World,OWID_WRL,2021-10-31,5044642,246664051
World,OWID_WRL,2021-11-01,5049430,246958916
World,OWID_WRL,2021-11-02,5054031,247245246
World,OWID_WRL,2021-11-03,5060001,247657336
World,OWID_WRL,2021-11-04,5066524,248051045
World,OWID_WRL,2021-11-05,5072657,248456861
World,OWID_WRL,2021-11-06,5078854,248858862
World,OWID_WRL,2021-11-07,5093859,249844356
World,OWID_WRL,2021-11-08,5098748,250150280
World,OWID_WRL,2021-11-09,5103329,250455072
World,OWID_WRL,2021-11-10,5109432,250905546
World,OWID_WRL,2021-11-11,5115945,251332117
World,OWID_WRL,2021-11-12,5122227,251757445
World,OWID_WRL,2021-11-13,5128198,252144799
World,OWID_WRL,2021-11-14,5144386,253322354
World,OWID_WRL,2021-11-15,5149815,253673851
World,OWID_WRL,2021-11-16,5154359,253987928
World,OWID_WRL,2021-11-17,5160617,254473754
World,OWID_WRL,2021-11-18,5167332,254923377
World,OWID_WRL,2021-11-19,5174303,255379467
World,OWID_WRL,2021-11-20,5182997,255847380
World,OWID_WRL,2021-11-21,5199090,257185740
World,OWID_WRL,2021-11-22,5204029,257527868
World,OWID_WRL,2021-11-23,5208847,257887463
World,OWID_WRL,2021-11-24,5215177,258425093
World,OWID_WRL,2021-11-25,5222019,258898433
World,OWID_WRL,2021-11-26,5228619,259387243
World,OWID_WRL,2021-11-27,5233965,259809871
World,OWID_WRL,2021-11-28,5249273,261233096
World,OWID_WRL,2021-11-29,5254091,261583639
World,OWID_WRL,2021-11-30,5258880,261937910
World,OWID_WRL,2021-12-01,5265543,262403935
World,OWID_WRL,2021-12-02,5272391,262906458
World,OWID_WRL,2021-12-03,5279354,263420616
World,OWID_WRL,2021-12-04,5285593,263925276
World,OWID_WRL,2021-12-05,5303165,265506489
World,OWID_WRL,2021-12-06,5308154,265867341
World,OWID_WRL,2021-12-07,5312939,266223209
World,OWID_WRL,2021-12-08,5318974,266779626
World,OWID_WRL,2021-12-09,5325733,267286982
World,OWID_WRL,2021-12-10,5332314,267788843
World,OWID_WRL,2021-12-11,5338139,268283476
World,OWID_WRL,2021-12-12,5352950,269820496
World,OWID_WRL,2021-12-13,5357559,270196791
World,OWID_WRL,2021-12-14,5362299,270569802
World,OWID_WRL,2021-12-15,5368264,271153612
World,OWID_WRL,2021-12-16,5374836,271716236
World,OWID_WRL,2021-12-17,5381605,272292111
World,OWID_WRL,2021-12-18,5387040,272864201
World,OWID_WRL,2021-12-19,5400302,274523323
World,OWID_WRL,2021-12-20,5404571,274945669
World,OWID_WRL,2021-12-21,5409365,275401510
World,OWID_WRL,2021-12-22,5415554,276123277
World,OWID_WRL,2021-12-23,5422366,276827699
World,OWID_WRL,2021-12-24,5428725,277585322
World,OWID_WRL,2021-12-25,5435928,278361700
World,OWID_WRL,2021-12-26,5446878,280613650
World,OWID_WRL,2021-12-27,5450728,281089215
World,OWID_WRL,2021-12-28,5454918,281773766
World,OWID_WRL,2021-12-29,5461200,282938895
World,OWID_WRL,2021-12-30,5468132,284096214
World,OWID_WRL,2021-12-31,5474097,285446052
World,OWID_WRL,2022-01-01,5479444,286877371
World,OWID_WRL,2022-01-02,5489569,291082478
World,OWID_WRL,2022-01-03,5493310,291992762
World,OWID_WRL,2022-01-04,5497311,293176544
World,OWID_WRL,2022-01-05,5503580,295185001
World,OWID_WRL,2022-01-06,5510789,297230996
World,OWID_WRL,2022-01-07,5516958,299249447
World,OWID_WRL,2022-01-08,5523244,301239895
World,OWID_WRL,2022-01-09,5535211,307679966
World,OWID_WRL,2022-01-10,5539724,309320183
World,OWID_WRL,2022-01-11,5544947,310969266
World,OWID_WRL,2022-01-12,5551782,313757551
World,OWID_WRL,2022-01-13,5560258,316152398
World,OWID_WRL,2022-01-14,5567380,318649360
World,OWID_WRL,2022-01-15,5574182,321144457
World,OWID_WRL,2022-01-16,5587554,328341671
World,OWID_WRL,2022-01-17,5593810,330264721
World,OWID_WRL,2022-01-18,5599343,332082432
World,OWID_WRL,2022-01-19,5606001,334943474
World,OWID_WRL,2022-01-20,5614132,337805284
World,OWID_WRL,2022-01-21,5623205,340722618
World,OWID_WRL,2022-01-22,5631445,343536712
World,OWID_WRL,2022-01-23,5647288,351883285
World,OWID_WRL,2022-01-24,5653431,353970324
World,OWID_WRL,2022-01-25,5660081,356030485
World,OWID_WRL,2022-01-26,5668773,359043183
World,OWID_WRL,2022-01-27,5678389,361657330
World,OWID_WRL,2022-01-28,5688220,364315294
World,OWID_WRL,2022-01-29,5697555,366905846
World,OWID_WRL,2022-01-30,5715124,375307809
World,OWID_WRL,2022-01-31,5723002,377235178
World,OWID_WRL,2022-02-01,5730038,378982008
World,OWID_WRL,2022-02-02,5740225,381436192
World,OWID_WRL,2022-02-03,5751885,383728956
World,OWID_WRL,2022-02-04,5762502,385912415
World,OWID_WRL,2022-02-05,5772551,388157734
World,OWID_WRL,2022-02-06,5790998,395236011
World,OWID_WRL,2022-02-07,5799201,396832567
World,OWID_WRL,2022-02-08,5806766,398320895
World,OWID_WRL,2022-02-09,5817240,400275376
World,OWID_WRL,2022-02-10,5828948,402194182
World,OWID_WRL,2022-02-11,5839457,404007898
World,OWID_WRL,2022-02-12,5849032,405680860
World,OWID_WRL,2022-02-13,5867453,411147916
World,OWID_WRL,2022-02-14,5874479,412429627
World,OWID_WRL,2022-02-15,5881157,413683403
World,OWID_WRL,2022-02-16,5890574,415236155
World,OWID_WRL,2022-02-17,5900738,416783586
World,OWID_WRL,2022-02-18,5910890,418300115
World,OWID_WRL,2022-02-19,5919959,419732237
World,OWID_WRL,2022-02-20,5937068,424019590
World,OWID_WRL,2022-02-21,5943363,425115294
World,OWID_WRL,2022-02-22,5949651,426289305
World,OWID_WRL,2022-02-23,5956632,427622286
World,OWID_WRL,2022-02-24,5966211,428999014
World,OWID_WRL,2022-02-25,5974900,430342089
World,OWID_WRL,2022-02-26,5983362,431595550
World,OWID_WRL,2022-02-27,5996548,435069463
World,OWID_WRL,2022-02-28,6003263,436166671
World,OWID_WRL,2022-03-01,6008692,437239448
World,OWID_WRL,2022-03-02,6016018,438485653
World,OWID_WRL,2022-03-03,6022774,439807150
World,OWID_WRL,2022-03-04,6030631,441053707
World,OWID_WRL,2022-03-05,6036949,442288405
World,OWID_WRL,2022-03-06,6048469,445969713
World,OWID_WRL,2022-03-07,6053254,446933449
World,OWID_WRL,2022-03-08,6057923,448123928
World,OWID_WRL,2022-03-09,6063773,449480597
World,OWID_WRL,2022-03-10,6069917,450762766
World,OWID_WRL,2022-03-11,6076506,452090060
World,OWID_WRL,2022-03-12,6082158,453629469
World,OWID_WRL,2022-03-13,6092246,457775183
World,OWID_WRL,2022-03-14,6096469,458931841
World,OWID_WRL,2022-03-15,6100108,460081581
World,OWID_WRL,2022-03-16,6101573,461698151
World,OWID_WRL,2022-03-17,6106908,463179407
World,OWID_WRL,2022-03-18,6112176,464467425
World,OWID_WRL,2022-03-19,6117086,465899986
World,OWID_WRL,2022-03-20,6126064,470153569
World,OWID_WRL,2022-03-21,6129725,471135900
World,OWID_WRL,2022-03-22,6144090,472356881
World,OWID_WRL,2022-03-23,6148241,473538752
World,OWID_WRL,2022-03-24,6152585,474652622
World,OWID_WRL,2022-03-25,6156948,475787322
World,OWID_WRL,2022-03-26,6164822,476849488
World,OWID_WRL,2022-03-27,6172540,481151850
World,OWID_WRL,2022-03-28,6175327,482166894
World,OWID_WRL,2022-03-29,6178127,483159098
World,OWID_WRL,2022-03-30,6181784,484129366
World,OWID_WRL,2022-03-31,6185429,485048259
World,OWID_WRL,2022-04-01,6189365,485937399
World,OWID_WRL,2022-04-02,6192655,486721037
World,OWID_WRL,2022-04-03,6199399,490521031
World,OWID_WRL,2022-04-04,6201693,491159083
World,OWID_WRL,2022-04-05,6204069,491836917
World,OWID_WRL,2022-04-06,6206722,492563707
World,OWID_WRL,2022-04-07,6209692,493314028
World,OWID_WRL,2022-04-08,6212977,493999155
World,OWID_WRL,2022-04-09,6215916,494594879
World,OWID_WRL,2022-04-10,6222273,497721213
World,OWID_WRL,2022-04-11,6224384,498280077
World,OWID_WRL,2022-04-12,6226170,498780233
World,OWID_WRL,2022-04-13,6228532,499352126
World,OWID_WRL,2022-04-14,6231232,499815207
World,OWID_WRL,2022-04-15,6233752,500418640
World,OWID_WRL,2022-04-16,6236260,500887057
World,OWID_WRL,2022-04-17,6241478,503419024
World,OWID_WRL,2022-04-18,6243217,503824408
World,OWID_WRL,2022-04-19,6244658,504155844
World,OWID_WRL,2022-04-20,6246607,504546008
World,OWID_WRL,2022-04-21,6248845,505048374
World,OWID_WRL,2022-04-22,6251245,505525956
World,OWID_WRL,2022-04-23,6253511,505929713
World,OWID_WRL,2022-04-24,6258312,508122271
World,OWID_WRL,2022-04-25,6259799,508440104
World,OWID_WRL,2022-04-26,6262521,508772368
World,OWID_WRL,2022-04-27,6264104,509125107
World,OWID_WRL,2022-04-28,6266165,509553385
World,OWID_WRL,2022-04-29,6268347,509940627
World,OWID_WRL,2022-04-30,6269982,510276555
World,OWID_WRL,2022-05-01,6274576,512121184
World,OWID_WRL,2022-05-02,6275979,512384728
World,OWID_WRL,2022-05-03,6277080,512630137
World,OWID_WRL,2022-05-04,6278346,512956837
World,OWID_WRL,2022-05-05,6280226,513303078
World,OWID_WRL,2022-05-06,6282156,513669794
World,OWID_WRL,2022-05-07,6283627,514045556
World,OWID_WRL,2022-05-08,6287482,515740321
World,OWID_WRL,2022-05-09,6288574,516022666
World,OWID_WRL,2022-05-10,6289395,516305234
World,OWID_WRL,2022-05-11,6290620,516720028
World,OWID_WRL,2022-05-12,6292268,517143478
World,OWID_WRL,2022-05-13,6293850,517577755
World,OWID_WRL,2022-05-14,6295188,517963812
World,OWID_WRL,2022-05-15,6298683,519704520
World,OWID_WRL,2022-05-16,6299717,519982614
World,OWID_WRL,2022-05-17,6300547,520252796
World,OWID_WRL,2022-05-18,6301814,520684099
World,OWID_WRL,2022-05-19,6303330,521136500
World,OWID_WRL,2022-05-20,6304760,521572025
World,OWID_WRL,2022-05-21,6305890,521952757
World,OWID_WRL,2022-05-22,6309063,523486673
World,OWID_WRL,2022-05-23,6309922,523739376
World,OWID_WRL,2022-05-24,6310740,524016311
World,OWID_WRL,2022-05-25,6312011,524397288
World,OWID_WRL,2022-05-26,6313593,524814684
World,OWID_WRL,2022-05-27,6315209,525218968
World,OWID_WRL,2022-05-28,6316526,525593206
World,OWID_WRL,2022-05-29,6319399,526873688
World,OWID_WRL,2022-05-30,6320304,527115291
World,OWID_WRL,2022-05-31,6320987,527347317
World,OWID_WRL,2022-06-01,6322078,527656383
World,OWID_WRL,2022-06-02,6323387,528086585
World,OWID_WRL,2022-06-03,6324774,528478811
World,OWID_WRL,2022-06-04,6325929,528811304
World,OWID_WRL,2022-06-05,6328670,530132786
World,OWID_WRL,2022-06-06,6329381,530349208
World,OWID_WRL,2022-06-07,6330156,530592993
World,OWID_WRL,2022-06-08,6331264,530975514
World,OWID_WRL,2022-06-09,6332719,531423585
World,OWID_WRL,2022-06-10,6334399,531840377
World,OWID_WRL,2022-06-11,6335458,532245309
World,OWID_WRL,2022-06-12,6338050,533656080
World,OWID_WRL,2022-06-13,6338840,533885814
World,OWID_WRL,2022-06-14,6339523,534128011
World,OWID_WRL,2022-06-15,6340568,534518550
World,OWID_WRL,2022-06-16,6341737,534940723
World,OWID_WRL,2022-06-17,6343295,535398197
World,OWID_WRL,2022-06-18,6344105,535807980
World,OWID_WRL,2022-06-19,6346887,537426693
World,OWID_WRL,2022-06-20,6347697,537683051
World,OWID_WRL,2022-06-21,6348522,537940370
World,OWID_WRL,2022-06-22,6349435,538350901
World,OWID_WRL,2022-06-23,6350894,538878211
World,OWID_WRL,2022-06-24,6352342,539389609
World,OWID_WRL,2022-06-25,6354064,539895447
World,OWID_WRL,2022-06-26,6357293,542018955
World,OWID_WRL,2022-06-27,6358353,542345023
World,OWID_WRL,2022-06-28,6359081,542656405
World,OWID_WRL,2022-06-29,6360194,543142065
World,OWID_WRL,2022-06-30,6361798,543763696
World,OWID_WRL,2022-07-01,6363293,544354109
World,OWID_WRL,2022-07-02,6364988,544963395
World,OWID_WRL,2022-07-03,6368639,547301024
World,OWID_WRL,2022-07-04,6369753,547936612
World,OWID_WRL,2022-07-05,6370575,548272392
World,OWID_WRL,2022-07-06,6371632,548842411
World,OWID_WRL,2022-07-07,6373293,549522401
World,OWID_WRL,2022-07-08,6375138,550206304
World,OWID_WRL,2022-07-09,6377029,550900308
World,OWID_WRL,2022-07-10,6381115,553642986
World,OWID_WRL,2022-07-11,6382393,554385512
World,OWID_WRL,2022-07-12,6383337,554807402
World,OWID_WRL,2022-07-13,6384815,555532712
World,OWID_WRL,2022-07-14,6386700,556311005
World,OWID_WRL,2022-07-15,6388776,557083935
World,OWID_WRL,2022-07-16,6390861,557878902
World,OWID_WRL,2022-07-17,6395771,560621588
World,OWID_WRL,2022-07-18,6397237,561457454
World,OWID_WRL,2022-07-19,6398425,561920662
World,OWID_WRL,2022-07-20,6400081,562653304
World,OWID_WRL,2022-07-21,6402295,563464413
World,OWID_WRL,2022-07-22,6404534,564296274
World,OWID_WRL,2022-07-23,6406969,565160636
World,OWID_WRL,2022-07-24,6412337,567795308
World,OWID_WRL,2022-07-25,6414194,568709487
World,OWID_WRL,2022-07-26,6415541,569265417
World,OWID_WRL,2022-07-27,6417380,570062434
World,OWID_WRL,2022-07-28,6419592,570893777
World,OWID_WRL,2022-07-29,6421829,571743423
World,OWID_WRL,2022-07-30,6424491,572599942
World,OWID_WRL,2022-07-31,6430064,575000013
World,OWID_WRL,2022-08-01,6431553,575794975
World,OWID_WRL,2022-08-02,6432887,576334261
World,OWID_WRL,2022-08-03,6434912,577117267
World,OWID_WRL,2022-08-04,6437247,577939992
World,OWID_WRL,2022-08-05,6439477,579165434
World,OWID_WRL,2022-08-06,6442156,579989334
World,OWID_WRL,2022-08-07,6447214,581945554
World,OWID_WRL,2022-08-08,6448810,582653491
World,OWID_WRL,2022-08-09,6450232,583189432
World,OWID_WRL,2022-08-10,6452160,583928470
World,OWID_WRL,2022-08-11,6454820,584706326
World,OWID_WRL,2022-08-12,6457053,585502482
World,OWID_WRL,2022-08-13,6459662,586253901
World,OWID_WRL,2022-08-14,6464525,587698320
World,OWID_WRL,2022-08-15,6466106,588311312
World,OWID_WRL,2022-08-16,6467420,588735721
World,OWID_WRL,2022-08-17,6469341,589423213
World,OWID_WRL,2022-08-18,6471591,590198538
World,OWID_WRL,2022-08-19,6473957,590974615
World,OWID_WRL,2022-08-20,6476454,591754097
World,OWID_WRL,2022-08-21,6480501,593084659
World,OWID_WRL,2022-08-22,6482007,593680357
World,OWID_WRL,2022-08-23,6483387,594208010
World,OWID_WRL,2022-08-24,6485235,594859699
World,OWID_WRL,2022-08-25,6487395,595568660
World,OWID_WRL,2022-08-26,6489663,596268807
World,OWID_WRL,2022-08-27,6491960,596909952
World,OWID_WRL,2022-08-28,6495692,597850443
World,OWID_WRL,2022-08-29,6497077,598501699
World,OWID_WRL,2022-08-30,6498359,598918269
World,OWID_WRL,2022-08-31,6500059,599470650
World,OWID_WRL,2022-09-01,6502121,600064588
World,OWID_WRL,2022-09-02,6504212,600651431
World,OWID_WRL,2022-09-03,6506457,601194145
World,OWID_WRL,2022-09-04,6509607,602140329
World,OWID_WRL,2022-09-05,6510884,602536091
World,OWID_WRL,2022-09-06,6512033,602892588
World,OWID_WRL,2022-09-07,6513221,603298701
World,OWID_WRL,2022-09-08,6514927,603830220
World,OWID_WRL,2022-09-09,6516551,604303392
World,OWID_WRL,2022-09-10,6518291,604654443
World,OWID_WRL,2022-09-11,6521009,605409723
World,OWID_WRL,2022-09-12,6522044,605945924
World,OWID_WRL,2022-09-13,6522998,606235054
World,OWID_WRL,2022-09-14,6524246,606685843
World,OWID_WRL,2022-09-15,6525775,607131984
World,OWID_WRL,2022-09-16,6527561,607577017
World,OWID_WRL,2022-09-17,6529437,607944842
World,OWID_WRL,2022-09-18,6531740,608805527
World,OWID_WRL,2022-09-19,6532557,609254661
World,OWID_WRL,2022-09-20,6533320,609516985
World,OWID_WRL,2022-09-21,6534449,609876661
World,OWID_WRL,2022-09-22,6535964,610212559
World,OWID_WRL,2022-09-23,6537400,610609847
World,OWID_WRL,2022-09-24,6539281,611018967
World,OWID_WRL,2022-09-25,6541852,612023930
World,OWID_WRL,2022-09-26,6542530,612292245
World,OWID_WRL,2022-09-27,6543307,612551334
World,OWID_WRL,2022-09-28,6544387,612852818
World,OWID_WRL,2022-09-29,6545638,613212537
World,OWID_WRL,2022-09-30,6547565,613575040
World,OWID_WRL,2022-10-01,6549175,613998651
World,OWID_WRL,2022-10-02,6552064,615254795
World,OWID_WRL,2022-10-03,6553015,615473010
World,OWID_WRL,2022-10-04,6553829,615659882
World,OWID_WRL,2022-10-05,6554888,616000910
World,OWID_WRL,2022-10-06,6556254,616331015
World,OWID_WRL,2022-10-07,6557975,616657147
World,OWID_WRL,2022-10-08,6559657,617033892
World,OWID_WRL,2022-10-09,6563253,618473524
World,OWID_WRL,2022-10-10,6564060,618689766
World,OWID_WRL,2022-10-11,6564844,618875313
World,OWID_WRL,2022-10-12,6565879,619198508
World,OWID_WRL,2022-10-13,6567137,619521102
World,OWID_WRL,2022-10-14,6568653,619842571
World,OWID_WRL,2022-10-15,6570406,620172409
World,OWID_WRL,2022-10-16,6574135,621649225
World,OWID_WRL,2022-10-17,6574900,621865200
World,OWID_WRL,2022-10-18,6575628,622063947
World,OWID_WRL,2022-10-19,6576863,622375582
World,OWID_WRL,2022-10-20,6578178,622658794
World,OWID_WRL,2022-10-21,6578999,622884961
World,OWID_WRL,2022-10-22,6582386,623308516
World,OWID_WRL,2022-10-23,6585967,624546956
World,OWID_WRL,2022-10-24,6586618,624722222
World,OWID_WRL,2022-10-25,6587271,624912296
World,OWID_WRL,2022-10-26,6588286,625169370
World,OWID_WRL,2022-10-27,6589097,625400386
World,OWID_WRL,2022-10-28,6593023,625875069
World,OWID_WRL,2022-10-29,6594260,626158002
World,OWID_WRL,2022-10-30,6597470,627081430
World,OWID_WRL,2022-10-31,6598132,627256878
World,OWID_WRL,2022-11-01,6598795,627464277
World,OWID_WRL,2022-11-02,6600938,627724676
World,OWID_WRL,2022-11-03,6601685,627949720
World,OWID_WRL,2022-11-04,6604821,628432523
World,OWID_WRL,2022-11-05,6606000,628689148
World,OWID_WRL,2022-11-06,6608636,629416067
World,OWID_WRL,2022-11-07,6609352,629609802
World,OWID_WRL,2022-11-08,6609993,629858202
World,OWID_WRL,2022-11-09,6610683,630048700
World,OWID_WRL,2022-11-10,6611482,630319663
World,OWID_WRL,2022-11-11,6614560,630861805
World,OWID_WRL,2022-11-12,6615619,631205821
World,OWID_WRL,2022-11-13,6618142,631905247
World,OWID_WRL,2022-11-14,6618799,632132151
World,OWID_WRL,2022-11-15,6619479,632412047
World,OWID_WRL,2022-11-16,6620205,632721714
World,OWID_WRL,2022-11-17,6620988,632996043
World,OWID_WRL,2022-11-18,6623951,633459969
World,OWID_WRL,2022-11-19,6624984,633844426
World,OWID_WRL,2022-11-20,6627505,634587297
World,OWID_WRL,2022-11-21,6628193,634837900
World,OWID_WRL,2022-11-22,6628812,635116191
World,OWID_WRL,2022-11-23,6629589,635470600
World,OWID_WRL,2022-11-24,6630514,635727873
World,OWID_WRL,2022-11-25,6634082,636233208
World,OWID_WRL,2022-11-26,6635157,636686981
World,OWID_WRL,2022-11-27,6637722,637564924
World,OWID_WRL,2022-11-28,6638464,637828796
World,OWID_WRL,2022-11-29,6639301,638134545
World,OWID_WRL,2022-11-30,6640184,638492806
World,OWID_WRL,2022-12-01,6641009,638839492
World,OWID_WRL,2022-12-02,6643693,639479100
World,OWID_WRL,2022-12-03,6644962,639814406
World,OWID_WRL,2022-12-04,6647860,640801933
World,OWID_WRL,2022-12-05,6648741,641103911
World,OWID_WRL,2022-12-06,6649568,641411119
World,OWID_WRL,2022-12-07,6650660,641798731
World,OWID_WRL,2022-12-08,6651776,642221604
World,OWID_WRL,2022-12-09,6656004,643054503
World,OWID_WRL,2022-12-10,6657356,643852696
World,OWID_WRL,2022-12-11,6660668,645417098
World,OWID_WRL,2022-12-12,6661715,646488064
World,OWID_WRL,2022-12-13,6662726,647716428
World,OWID_WRL,2022-12-14,6664070,649195098
World,OWID_WRL,2022-12-15,6665144,650759117
World,OWID_WRL,2022-12-16,6669403,653426186
World,OWID_WRL,2022-12-17,6671101,656123153
World,OWID_WRL,2022-12-18,6675367,660394612
World,OWID_WRL,2022-12-19,6676802,664759444
World,OWID_WRL,2022-12-20,6678217,670203590
World,OWID_WRL,2022-12-21,6680029,676540332
World,OWID_WRL,2022-12-22,6682079,683383508
World,OWID_WRL,2022-12-23,6687174,691236418
World,OWID_WRL,2022-12-24,6689886,697964179
World,OWID_WRL,2022-12-25,6695683,704630839
World,OWID_WRL,2022-12-26,6698210,709573699
World,OWID_WRL,2022-12-27,6700219,714440547
World,OWID_WRL,2022-12-28,6703386,719253024
World,OWID_WRL,2022-12-29,6706941,722983518
World,OWID_WRL,2022-12-30,6713603,726692117
World,OWID_WRL,2022-12-31,6720253,729475584
World,OWID_WRL,2023-01-01,6728061,732363539
World,OWID_WRL,2023-01-02,6733279,734201130
World,OWID_WRL,2023-01-03,6738448,735671447
World,OWID_WRL,2023-01-04,6744015,737305055
World,OWID_WRL,2023-01-05,6744828,738813096
World,OWID_WRL,2023-01-06,6748419,740686342
World,OWID_WRL,2023-01-07,6749602,741960091
World,OWID_WRL,2023-01-08,6752631,743343554
World,OWID_WRL,2023-01-09,6753307,744225169
World,OWID_WRL,2023-01-10,6753818,744823807
World,OWID_WRL,2023-01-11,6754569,745442274
World,OWID_WRL,2023-01-12,6755123,746082669
World,OWID_WRL,2023-01-13,6760185,747105936
World,OWID_WRL,2023-01-14,6761290,747601273
World,OWID_WRL,2023-01-15,6763526,748230502
World,OWID_WRL,2023-01-16,6764151,748600784
World,OWID_WRL,2023-01-17,6764626,748838629
World,OWID_WRL,2023-01-18,6765153,749191423
World,OWID_WRL,2023-01-19,6765690,749517148
World,OWID_WRL,2023-01-20,6770055,750099951
World,OWID_WRL,2023-01-21,6771308,750373728
World,OWID_WRL,2023-01-22,6773243,750745390
World,OWID_WRL,2023-01-23,6773703,750915455
World,OWID_WRL,2023-01-24,6774073,751023262
World,OWID_WRL,2023-01-25,6774520,751200715
World,OWID_WRL,2023-01-26,6775006,751392015
World,OWID_WRL,2023-01-27,6779327,751851336
World,OWID_WRL,2023-01-28,6780044,752014440
World,OWID_WRL,2023-01-29,6781642,752304891
World,OWID_WRL,2023-01-30,6782014,752439888
World,OWID_WRL,2023-01-31,6782378,752506186
World,OWID_WRL,2023-02-01,6839545,752682328
World,OWID_WRL,2023-02-02,6840688,752812379
World,OWID_WRL,2023-02-03,6848387,753245023
World,OWID_WRL,2023-02-04,6849389,753423370
World,OWID_WRL,2023-02-05,6851330,753690548
World,OWID_WRL,2023-02-06,6851956,753798225
World,OWID_WRL,2023-02-07,6852501,753881630
World,OWID_WRL,2023-02-08,6853163,754015989
World,OWID_WRL,2023-02-09,6854773,754149896
World,OWID_WRL,2023-02-10,6858818,754557453
World,OWID_WRL,2023-02-11,6859689,754682179
World,OWID_WRL,2023-02-12,6861435,754937907
World,OWID_WRL,2023-02-13,6861876,755028139
World,OWID_WRL,2023-02-14,6862350,755099843
World,OWID_WRL,2023-02-15,6863049,755234896
World,OWID_WRL,2023-02-16,6863737,755343602
World,OWID_WRL,2023-02-17,6867208,755701358
World,OWID_WRL,2023-02-18,6868016,755800652
World,OWID_WRL,2023-02-19,6869976,756083700
World,OWID_WRL,2023-02-20,6870374,756181828
World,OWID_WRL,2023-02-21,6870793,756247625
World,OWID_WRL,2023-02-22,6871283,756347063
World,OWID_WRL,2023-02-23,6871748,756444606
World,OWID_WRL,2023-02-24,6872473,756538531
World,OWID_WRL,2023-02-25,6875871,756890947
World,OWID_WRL,2023-02-26,6877748,757156585
World,OWID_WRL,2023-02-27,6878170,757280154
World,OWID_WRL,2023-02-28,6878581,757337456
World,OWID_WRL,2023-03-01,6879068,757436802
World,OWID_WRL,2023-03-02,6879593,757537082
World,OWID_WRL,2023-03-03,6880134,757638865
World,OWID_WRL,2023-03-04,6883126,757945272
World,OWID_WRL,2023-03-05,6884753,758185063
World,OWID_WRL,2023-03-06,6885215,758311572
World,OWID_WRL,2023-03-07,6885576,758369744
World,OWID_WRL,2023-03-08,6886015,758456400
World,OWID_WRL,2023-03-09,6886481,758539221
World,OWID_WRL,2023-03-10,6886873,758616435
World,OWID_WRL,2023-03-11,6889481,758865019
World,OWID_WRL,2023-03-12,6891095,759079915
World,OWID_WRL,2023-03-13,6891811,759239810
World,OWID_WRL,2023-03-14,6892230,759297128
World,OWID_WRL,2023-03-15,6892704,759380393
World,OWID_WRL,2023-03-16,6893076,759461142
World,OWID_WRL,2023-03-17,6893512,759529151
World,OWID_WRL,2023-03-18,6895937,759738092
World,OWID_WRL,2023-03-19,6897719,759959162
World,OWID_WRL,2023-03-20,6898402,760112763
World,OWID_WRL,2023-03-21,6898807,760166467
World,OWID_WRL,2023-03-22,6899235,760234221
World,OWID_WRL,2023-03-23,6899697,760299180
World,OWID_WRL,2023-03-24,6900058,760362018
World,OWID_WRL,2023-03-25,6902683,760587834
World,OWID_WRL,2023-03-26,6904430,760792303
World,OWID_WRL,2023-03-27,6904882,760888012
World,OWID_WRL,2023-03-28,6901703,760932802
World,OWID_WRL,2023-03-29,6902085,760995519
World,OWID_WRL,2023-03-30,6902775,761109799
World,OWID_WRL,2023-03-31,6903222,761159733
World,OWID_WRL,2023-04-01,6905476,761393417
World,OWID_WRL,2023-04-02,6906969,761591841
World,OWID_WRL,2023-04-03,6907343,761698378
World,OWID_WRL,2023-04-04,6907552,761733832
World,OWID_WRL,2023-04-05,6907840,761788027
World,OWID_WRL,2023-04-06,6908205,761842379
World,OWID_WRL,2023-04-07,6908449,761892086
World,OWID_WRL,2023-04-08,6908784,761940247
World,OWID_WRL,2023-04-09,6912590,762292910
World,OWID_WRL,2023-04-10,6912975,762386479
World,OWID_WRL,2023-04-11,6913214,762423519
World,OWID_WRL,2023-04-12,6913570,762475250
World,OWID_WRL,2023-04-13,6913869,762534175
World,OWID_WRL,2023-04-14,6914168,762590785
World,OWID_WRL,2023-04-15,6914522,762644369
World,OWID_WRL,2023-04-16,6917832,762987730
World,OWID_WRL,2023-04-17,6918235,763100721
World,OWID_WRL,2023-04-18,6918498,763145425
World,OWID_WRL,2023-04-19,6918783,763208126
World,OWID_WRL,2023-04-20,6919136,763271088
World,OWID_WRL,2023-04-21,6919421,763331118
World,OWID_WRL,2023-04-22,6919673,763388630
World,OWID_WRL,2023-04-23,6923105,763725350
World,OWID_WRL,2023-04-24,6923528,763837589
World,OWID_WRL,2023-04-25,6923794,763879270
World,OWID_WRL,2023-04-26,6924061,763939523
World,OWID_WRL,2023-04-27,6924333,763996871
World,OWID_WRL,2023-04-28,6924627,764054176
World,OWID_WRL,2023-04-29,6924906,764110160
World,OWID_WRL,2023-04-30,6927839,764409963
World,OWID_WRL,2023-05-01,6928200,764515328
World,OWID_WRL,2023-05-02,6928422,764554234
World,OWID_WRL,2023-05-03,6928667,764610668
World,OWID_WRL,2023-05-04,6928933,764671656
World,OWID_WRL,2023-05-05,6929186,764723902
World,OWID_WRL,2023-05-06,6929448,764764368
World,OWID_WRL,2023-05-07,6932563,765019412
World,OWID_WRL,2023-05-08,6932926,765144369
World,OWID_WRL,2023-05-09,6933135,765191126
World,OWID_WRL,2023-05-10,6933342,765233547
World,OWID_WRL,2023-05-11,6933549,765271402
World,OWID_WRL,2023-05-12,6933730,765310806
World,OWID_WRL,2023-05-13,6933971,765347074
World,OWID_WRL,2023-05-14,6937627,765586315
World,OWID_WRL,2023-05-15,6937975,765699427
World,OWID_WRL,2023-05-16,6938944,765735927
World,OWID_WRL,2023-05-17,6939088,765774152
World,OWID_WRL,2023-05-18,6939259,765808604
World,OWID_WRL,2023-05-19,6939390,765839560
World,OWID_WRL,2023-05-20,6939603,765868933
World,OWID_WRL,2023-05-21,6940479,765958196
World,OWID_WRL,2023-05-22,6940870,766078516
World,OWID_WRL,2023-05-23,6941809,766111255
World,OWID_WRL,2023-05-24,6941949,766145969
World,OWID_WRL,2023-05-25,6942158,766176116
World,OWID_WRL,2023-05-26,6942246,766204662
World,OWID_WRL,2023-05-27,6942339,766231904
World,OWID_WRL,2023-05-28,6943211,766305244
World,OWID_WRL,2023-05-29,6943525,766400806
World,OWID_WRL,2023-05-30,6944337,766442676
World,OWID_WRL,2023-05-31,6944422,766474469
World,OWID_WRL,2023-06-01,6944507,766507893
World,OWID_WRL,2023-06-02,6944648,766533882
World,OWID_WRL,2023-06-03,6944829,766546436
World,OWID_WRL,2023-06-04,6945624,766595199
World,OWID_WRL,2023-06-05,6945947,766699722
World,OWID_WRL,2023-06-06,6946708,766707688
World,OWID_WRL,2023-06-07,6946801,766740323
World,OWID_WRL,2023-06-08,6946879,766762836
World,OWID_WRL,2023-06-09,6946960,766788255
World,OWID_WRL,2023-06-10,6947088,766817844
World,OWID_WRL,2023-06-11,6948013,766875788
World,OWID_WRL,2023-06-12,6948225,766957694
World,OWID_WRL,2023-06-13,6948938,766968811
World,OWID_WRL,2023-06-14,6948991,766973453
World,OWID_WRL,2023-06-15,6949059,766977602
World,OWID_WRL,2023-06-16,6949121,766981484
World,OWID_WRL,2023-06-17,6949246,766988304
World,OWID_WRL,2023-06-18,6949869,767018712
World,OWID_WRL,2023-06-19,6950074,767176293
World,OWID_WRL,2023-06-20,6950738,767181864
World,OWID_WRL,2023-06-21,6950785,767185370
World,OWID_WRL,2023-06-22,6950827,767188466
World,OWID_WRL,2023-06-23,6950867,767192945
World,OWID_WRL,2023-06-24,6951028,767197394
World,OWID_WRL,2023-06-25,6951437,767223752
World,OWID_WRL,2023-06-26,6951623,767374776
World,OWID_WRL,2023-06-27,6952246,767379799
World,OWID_WRL,2023-06-28,6952282,767382327
World,OWID_WRL,2023-06-29,6952316,767384745
World,OWID_WRL,2023-06-30,6952334,767387339
World,OWID_WRL,2023-07-01,6952407,767390675
World,OWID_WRL,2023-07-02,6952578,767400239
World,OWID_WRL,2023-07-03,6952837,767560111
World,OWID_WRL,2023-07-04,6953406,767568979
World,OWID_WRL,2023-07-05,6953431,767570750
World,OWID_WRL,2023-07-06,6953452,767572523
World,OWID_WRL,2023-07-07,6953475,767574264
World,OWID_WRL,2023-07-08,6953522,767576930
World,OWID_WRL,2023-07-09,6953647,767582614
World,OWID_WRL,2023-07-10,6953785,767766824
World,OWID_WRL,2023-07-11,6954364,767770613
World,OWID_WRL,2023-07-12,6954397,767772572
World,OWID_WRL,2023-07-13,6954414,767774339
World,OWID_WRL,2023-07-14,6954432,767776117
World,OWID_WRL,2023-07-15,6954482,767778318
World,OWID_WRL,2023-07-16,6954579,767784081
World,OWID_WRL,2023-07-17,6954721,768015393
World,OWID_WRL,2023-07-18,6955344,768019153
World,OWID_WRL,2023-07-19,6955370,768021177
World,OWID_WRL,2023-07-20,6955395,768023104
World,OWID_WRL,2023-07-21,6955415,768025075
World,OWID_WRL,2023-07-22,6955438,768027628
World,OWID_WRL,2023-07-23,6955521,768034229
World,OWID_WRL,2023-07-24,6955755,768325680
World,OWID_WRL,2023-07-25,6956415,768332799
World,OWID_WRL,2023-07-26,6956435,768335074
World,OWID_WRL,2023-07-27,6956455,768337233
World,OWID_WRL,2023-07-28,6956485,768339432
World,OWID_WRL,2023-07-29,6956514,768342138
World,OWID_WRL,2023-07-30,6956623,768351226
World,OWID_WRL,2023-07-31,6956930,768688728
World,OWID_WRL,2023-08-01,6957708,769028539
World,OWID_WRL,2023-08-02,6957945,769031567
World,OWID_WRL,2023-08-03,6957983,769034453
World,OWID_WRL,2023-08-04,6958022,769037580
World,OWID_WRL,2023-08-05,6958061,769041026
World,OWID_WRL,2023-08-06,6958191,769052894
World,OWID_WRL,2023-08-07,6958309,769089794
World,OWID_WRL,2023-08-08,6959207,769160947
World,OWID_WRL,2023-08-09,6959250,769164087
World,OWID_WRL,2023-08-10,6959281,769167116
World,OWID_WRL,2023-08-11,6959317,769170406
World,OWID_WRL,2023-08-12,6959384,769174167
World,OWID_WRL,2023-08-13,6959514,769186830
World,OWID_WRL,2023-08-14,6959807,769423002
World,OWID_WRL,2023-08-15,6960863,769433448
World,OWID_WRL,2023-08-16,6960902,769437161
World,OWID_WRL,2023-08-17,6960942,769440152
World,OWID_WRL,2023-08-18,6960993,769444279
World,OWID_WRL,2023-08-19,6961057,769449492
World,OWID_WRL,2023-08-20,6961196,769465435
World,OWID_WRL,2023-08-21,6961482,769769600
World,OWID_WRL,2023-08-22,6962816,769780512
World,OWID_WRL,2023-08-23,6962867,769786264
World,OWID_WRL,2023-08-24,6962916,769791495
World,OWID_WRL,2023-08-25,6962962,769796229
World,OWID_WRL,2023-08-26,6963029,769801894
World,OWID_WRL,2023-08-27,6963219,769822293
World,OWID_WRL,2023-08-28,6963333,770101149
World,OWID_WRL,2023-08-29,6964665,770113206
World,OWID_WRL,2023-08-30,6964717,770119544
World,OWID_WRL,2023-08-31,6964776,770125159
World,OWID_WRL,2023-09-01,6964835,770130979
World,OWID_WRL,2023-09-02,6964982,770137643
World,OWID_WRL,2023-09-03,6965143,770162410
World,OWID_WRL,2023-09-04,6965415,770317510
World,OWID_WRL,2023-09-05,6966908,770333068
World,OWID_WRL,2023-09-06,6966959,770342363
World,OWID_WRL,2023-09-07,6967038,770350407
World,OWID_WRL,2023-09-08,6967120,770357943
World,OWID_WRL,2023-09-09,6967180,770366421
World,OWID_WRL,2023-09-10,6967420,770395615
World,OWID_WRL,2023-09-11,6967584,770420589
World,OWID_WRL,2023-09-12,6969181,770440130
World,OWID_WRL,2023-09-13,6969243,770452593
World,OWID_WRL,2023-09-14,6969317,770462491
World,OWID_WRL,2023-09-15,6969390,770471456
World,OWID_WRL,2023-09-16,6969467,770480418
World,OWID_WRL,2023-09-17,6969694,770516191
World,OWID_WRL,2023-09-18,6969850,770540169
World,OWID_WRL,2023-09-19,6971466,770566365
World,OWID_WRL,2023-09-20,6971547,770579331
World,OWID_WRL,2023-09-21,6971626,770589899
World,OWID_WRL,2023-09-22,6971712,770600819
World,OWID_WRL,2023-09-23,6971779,770610650
World,OWID_WRL,2023-09-24,6972046,770653039
World,OWID_WRL,2023-09-25,6972201,770687532
World,OWID_WRL,2023-09-26,6973925,770719011
World,OWID_WRL,2023-09-27,6974001,770732629
World,OWID_WRL,2023-09-28,6974088,770744845
World,OWID_WRL,2023-09-29,6974175,770756928
World,OWID_WRL,2023-09-30,6974310,770768365
World,OWID_WRL,2023-10-01,6974573,770810528
World,OWID_WRL,2023-10-02,6974881,770851041
World,OWID_WRL,2023-10-03,6976566,770885565
World,OWID_WRL,2023-10-04,6976654,770901764
World,OWID_WRL,2023-10-05,6976735,770915040
World,OWID_WRL,2023-10-06,6976843,770926915
World,OWID_WRL,2023-10-07,6976945,770937845
World,OWID_WRL,2023-10-08,6977245,770977694
World,OWID_WRL,2023-10-09,6977449,771012876
World,OWID_WRL,2023-10-10,6979021,771046406
World,OWID_WRL,2023-10-11,6979121,771060010
World,OWID_WRL,2023-10-12,6979229,771071993
World,OWID_WRL,2023-10-13,6979343,771082518
World,OWID_WRL,2023-10-14,6979450,771091558
World,OWID_WRL,2023-10-15,6979812,771128791
World,OWID_WRL,2023-10-16,6980070,771163551
World,OWID_WRL,2023-10-17,6981766,771199152
World,OWID_WRL,2023-10-18,6981892,771210550
World,OWID_WRL,2023-10-19,6981997,771219576
World,OWID_WRL,2023-10-20,6982125,771228061
World,OWID_WRL,2023-10-21,6983501,771237244
World,OWID_WRL,2023-10-22,6983864,771269465
World,OWID_WRL,2023-10-23,6984044,771303870
World,OWID_WRL,2023-10-24,6985576,771346209
World,OWID_WRL,2023-10-25,6985612,771357602
World,OWID_WRL,2023-10-26,6985668,771367136
World,OWID_WRL,2023-10-27,6985719,771375577
World,OWID_WRL,2023-10-28,6985766,771383993
World,OWID_WRL,2023-10-29,6986036,771411773
World,OWID_WRL,2023-10-30,6986948,771546486
World,OWID_WRL,2023-10-31,6988342,771561049
World,OWID_WRL,2023-11-01,6988345,771562069
World,OWID_WRL,2023-11-02,6988371,771563085
World,OWID_WRL,2023-11-03,6988371,771563789
World,OWID_WRL,2023-11-04,6988372,771565052
World,OWID_WRL,2023-11-05,6988442,771568082
World,OWID_WRL,2023-11-06,6989597,771720539
World,OWID_WRL,2023-11-07,6991144,771735422
World,OWID_WRL,2023-11-08,6991150,771736244
World,OWID_WRL,2023-11-09,6991150,771737132
World,OWID_WRL,2023-11-10,6991152,771737866
World,OWID_WRL,2023-11-11,6991154,771738984
World,OWID_WRL,2023-11-12,6991193,771741542
World,OWID_WRL,2023-11-13,6992340,771925112
World,OWID_WRL,2023-11-14,6993943,771940806
World,OWID_WRL,2023-11-15,6993946,771941671
World,OWID_WRL,2023-11-16,6993947,771942619
World,OWID_WRL,2023-11-17,6993948,771943446
World,OWID_WRL,2023-11-18,6993951,771944698
World,OWID_WRL,2023-11-19,6993981,771947538
World,OWID_WRL,2023-11-20,6995098,772162996
World,OWID_WRL,2023-11-21,6996691,772178940
World,OWID_WRL,2023-11-22,6996692,772179017
World,OWID_WRL,2023-11-23,6996692,772179244
World,OWID_WRL,2023-11-24,6996694,772179378
World,OWID_WRL,2023-11-25,6996697,772180238
World,OWID_WRL,2023-11-26,6996725,772184215
World,OWID_WRL,2023-11-27,6998094,772446028
World,OWID_WRL,2023-11-28,7000002,772456144
World,OWID_WRL,2023-11-29,7000002,772456282
World,OWID_WRL,2023-11-30,7000004,772456524
World,OWID_WRL,2023-12-01,7000004,772456695
World,OWID_WRL,2023-12-02,7000018,772457489
World,OWID_WRL,2023-12-03,7000044,772464673
World,OWID_WRL,2023-12-04,7001571,772769807
World,OWID_WRL,2023-12-05,7003512,772779585
World,OWID_WRL,2023-12-06,7003513,772779960
World,OWID_WRL,2023-12-07,7003516,772780180
World,OWID_WRL,2023-12-08,7003519,772780796
World,OWID_WRL,2023-12-09,7003524,772781771
World,OWID_WRL,2023-12-10,7003548,772795647
World,OWID_WRL,2023-12-11,7005179,773143370
World,OWID_WRL,2023-12-12,7007151,773152491
World,OWID_WRL,2023-12-13,7007152,773152753
World,OWID_WRL,2023-12-14,7007154,773153780
World,OWID_WRL,2023-12-15,7007157,773154498
World,OWID_WRL,2023-12-16,7007165,773155827
World,OWID_WRL,2023-12-17,7007205,773177262
World,OWID_WRL,2023-12-18,7008721,773497209
World,OWID_WRL,2023-12-19,7010778,773507645
World,OWID_WRL,2023-12-20,7010785,773508756
World,OWID_WRL,2023-12-21,7010804,773510001
World,OWID_WRL,2023-12-22,7010811,773511126
World,OWID_WRL,2023-12-23,7010825,773512819
World,OWID_WRL,2023-12-24,7010859,773539974
World,OWID_WRL,2023-12-25,7012258,773766985
World,OWID_WRL,2023-12-26,7014656,773778190
World,OWID_WRL,2023-12-27,7014661,773779069
World,OWID_WRL,2023-12-28,7014668,773780461
World,OWID_WRL,2023-12-29,7014677,773781709
World,OWID_WRL,2023-12-30,7014689,773783417
World,OWID_WRL,2023-12-31,7014732,773805346
World,OWID_WRL,2024-01-01,7016191,773977148
World,OWID_WRL,2024-01-02,7018904,773999685
World,OWID_WRL,2024-01-03,7018913,774000708
World,OWID_WRL,2024-01-04,7018920,774002342
World,OWID_WRL,2024-01-05,7018934,774003673
World,OWID_WRL,2024-01-06,7018943,774005528
World,OWID_WRL,2024-01-07,7019015,774006838
World,OWID_WRL,2024-01-08,7020201,774157524
World,OWID_WRL,2024-01-09,7023059,774178397
World,OWID_WRL,2024-01-10,7023066,774179330
World,OWID_WRL,2024-01-11,7023075,774180881
World,OWID_WRL,2024-01-12,7023081,774182007
World,OWID_WRL,2024-01-13,7023059,774183463
World,OWID_WRL,2024-01-14,7023084,774196761
World,OWID_WRL,2024-01-15,7024103,774301018
World,OWID_WRL,2024-01-16,7026674,774321802
World,OWID_WRL,2024-01-17,7026680,774322337
World,OWID_WRL,2024-01-18,7026685,774323420
World,OWID_WRL,2024-01-19,7026689,774324252
World,OWID_WRL,2024-01-20,7026708,774325575
World,OWID_WRL,2024-01-21,7026743,774334743
World,OWID_WRL,2024-01-22,7027412,774420813
World,OWID_WRL,2024-01-23,7029740,774442987
World,OWID_WRL,2024-01-24,7029745,774443345
World,OWID_WRL,2024-01-25,7029747,774444160
World,OWID_WRL,2024-01-26,7029751,774444789
World,OWID_WRL,2024-01-27,7029770,774446002
World,OWID_WRL,2024-01-28,7029788,774451056
World,OWID_WRL,2024-01-29,7030316,774523553
World,OWID_WRL,2024-01-30,7032233,774545546
World,OWID_WRL,2024-01-31,7032236,774545831
World,OWID_WRL,2024-02-01,7032243,774546665
World,OWID_WRL,2024-02-02,7032246,774547389
World,OWID_WRL,2024-02-03,7032258,774548447
World,OWID_WRL,2024-02-04,7032290,774551709
World,OWID_WRL,2024-02-05,7032750,774619245
World,OWID_WRL,2024-02-06,7034528,774636422
World,OWID_WRL,2024-02-07,7034531,774636617
World,OWID_WRL,2024-02-08,7034532,774637386
World,OWID_WRL,2024-02-09,7034533,774637437
World,OWID_WRL,2024-02-10,7034541,774638274
World,OWID_WRL,2024-02-11,7034549,774640659
World,OWID_WRL,2024-02-12,7034833,774700518
World,OWID_WRL,2024-02-13,7036371,774716126
World,OWID_WRL,2024-02-14,7036372,774716287
World,OWID_WRL,2024-02-15,7036373,774717190
World,OWID_WRL,2024-02-16,7036376,774717406
World,OWID_WRL,2024-02-17,7036384,774718138
World,OWID_WRL,2024-02-18,7036412,774719488
World,OWID_WRL,2024-02-19,7036691,774774335
World,OWID_WRL,2024-02-20,7038145,774790674
World,OWID_WRL,2024-02-21,7038147,774790875
World,OWID_WRL,2024-02-22,7038149,774792444
World,OWID_WRL,2024-02-23,7038150,774793807
World,OWID_WRL,2024-02-24,7038154,774794533
World,OWID_WRL,2024-02-25,7038194,774796083
World,OWID_WRL,2024-02-26,7038441,774847348
World,OWID_WRL,2024-02-27,7039842,774863336
World,OWID_WRL,2024-02-28,7039843,774863564
World,OWID_WRL,2024-02-29,7039848,774865138
World,OWID_WRL,2024-03-01,7039883,774865966
World,OWID_WRL,2024-03-02,7039887,774866655
World,OWID_WRL,2024-03-03,7039913,774868025
World,OWID_WRL,2024-03-04,7040120,774911214
World,OWID_WRL,2024-03-05,7041350,774924176
World,OWID_WRL,2024-03-06,7041350,774924447
World,OWID_WRL,2024-03-07,7041355,774926001
World,OWID_WRL,2024-03-08,7041357,774927467
World,OWID_WRL,2024-03-09,7041364,774928179
World,OWID_WRL,2024-03-10,7041382,774928971
World,OWID_WRL,2024-03-11,7041572,774969075
World,OWID_WRL,2024-03-12,7042709,774981679
World,OWID_WRL,2024-03-13,7042711,774981911
World,OWID_WRL,2024-03-14,7042712,774983602
World,OWID_WRL,2024-03-15,7042717,774985405
World,OWID_WRL,2024-03-16,7042722,774986154
World,OWID_WRL,2024-03-17,7042726,774986978
World,OWID_WRL,2024-03-18,7042958,775024709
World,OWID_WRL,2024-03-19,7043911,775033482
World,OWID_WRL,2024-03-20,7043913,775033722
World,OWID_WRL,2024-03-21,7043951,775035174
World,OWID_WRL,2024-03-22,7043953,775036202
World,OWID_WRL,2024-03-23,7043960,775037055
World,OWID_WRL,2024-03-24,7043988,775037797
World,OWID_WRL,2024-03-25,7044159,775143852
World,OWID_WRL,2024-03-26,7044959,775148544
World,OWID_WRL,2024-03-27,7044959,775148649
World,OWID_WRL,2024-03-28,7044962,775149748
World,OWID_WRL,2024-03-29,7044966,775150400
World,OWID_WRL,2024-03-30,7044972,775151272
World,OWID_WRL,2024-03-31,7044992,775151860
World,OWID_WRL,2024-04-01,7045172,775185573
World,OWID_WRL,2024-04-02,7045870,775189205
World,OWID_WRL,2024-04-03,7045872,775189332
World,OWID_WRL,2024-04-04,7045874,775190170
World,OWID_WRL,2024-04-05,7045877,775190664
World,OWID_WRL,2024-04-06,7045881,775191582
World,OWID_WRL,2024-04-07,7045901,775192276
World,OWID_WRL,2024-04-08,7046073,775224112
World,OWID_WRL,2024-04-09,7046725,775229256
World,OWID_WRL,2024-04-10,7046727,775229346
World,OWID_WRL,2024-04-11,7046729,775230136
World,OWID_WRL,2024-04-12,7046729,775230799
World,OWID_WRL,2024-04-13,7046736,775231822
World,OWID_WRL,2024-04-14,7046747,775232197
World,OWID_WRL,2024-04-15,7046872,775258714
World,OWID_WRL,2024-04-16,7047443,775260968
World,OWID_WRL,2024-04-17,7047444,775261083
World,OWID_WRL,2024-04-18,7047446,775261996
World,OWID_WRL,2024-04-19,7047447,775262532
World,OWID_WRL,2024-04-20,7047452,775263672
World,OWID_WRL,2024-04-21,7047470,775264590
World,OWID_WRL,2024-04-22,7047613,775292686
World,OWID_WRL,2024-04-23,7048096,775294844
World,OWID_WRL,2024-04-24,7048096,775295002
World,OWID_WRL,2024-04-25,7048097,775295952
World,OWID_WRL,2024-04-26,7048097,775296487
World,OWID_WRL,2024-04-27,7048106,775298319
World,OWID_WRL,2024-04-28,7048113,775299372
World,OWID_WRL,2024-04-29,7048224,775323974
World,OWID_WRL,2024-04-30,7048703,775326173
World,OWID_WRL,2024-05-01,7048717,775326322
World,OWID_WRL,2024-05-02,7048718,775327391
World,OWID_WRL,2024-05-03,7048719,775327993
World,OWID_WRL,2024-05-04,7048732,775329891
World,OWID_WRL,2024-05-05,7048738,775330846
World,OWID_WRL,2024-05-06,7048877,775357718
World,OWID_WRL,2024-05-07,7049259,775359927
World,OWID_WRL,2024-05-08,7049262,775360058
World,OWID_WRL,2024-05-09,7049262,775361132
World,OWID_WRL,2024-05-10,7049264,775361907
World,OWID_WRL,2024-05-11,7049276,775363898
World,OWID_WRL,2024-05-12,7049281,775365180
World,OWID_WRL,2024-05-13,7049350,775395857
World,OWID_WRL,2024-05-14,7049733,775398476
World,OWID_WRL,2024-05-15,7049735,775398595
World,OWID_WRL,2024-05-16,7049737,775399491
World,OWID_WRL,2024-05-17,7049743,775399997
World,OWID_WRL,2024-05-18,7049760,775402020
World,OWID_WRL,2024-05-19,7049774,775403482
World,OWID_WRL,2024-05-20,7049894,775428729
World,OWID_WRL,2024-05-21,7050288,775431190
World,OWID_WRL,2024-05-22,7050288,775431335
World,OWID_WRL,2024-05-23,7050288,775432003
World,OWID_WRL,2024-05-24,7050289,775432383
World,OWID_WRL,2024-05-25,7050295,775434258
World,OWID_WRL,2024-05-26,7050305,775435756
World,OWID_WRL,2024-05-27,7050418,775463757
World,OWID_WRL,2024-05-28,7050776,775465966
World,OWID_WRL,2024-05-29,7050777,775466085
World,OWID_WRL,2024-05-30,7050778,775466504
World,OWID_WRL,2024-05-31,7050780,775466822
World,OWID_WRL,2024-06-01,7050795,775468765
World,OWID_WRL,2024-06-02,7050806,775470668
World,OWID_WRL,2024-06-03,7050978,775499169
World,OWID_WRL,2024-06-04,7051328,775500868
World,OWID_WRL,2024-06-05,7051328,775500960
World,OWID_WRL,2024-06-06,7051328,775501325
World,OWID_WRL,2024-06-07,7051328,775501617
World,OWID_WRL,2024-06-08,7051334,775504426
World,OWID_WRL,2024-06-09,7051339,775506586
World,OWID_WRL,2024-06-10,7051491,775535026
World,OWID_WRL,2024-06-11,7051892,775536849
World,OWID_WRL,2024-06-12,7051892,775536881
World,OWID_WRL,2024-06-13,7051892,775537138
World,OWID_WRL,2024-06-14,7051892,775537385
World,OWID_WRL,2024-06-15,7051900,775540284
World,OWID_WRL,2024-06-16,7051906,775543264
World,OWID_WRL,2024-06-17,7052151,775573912
World,OWID_WRL,2024-06-18,7052620,775575929
World,OWID_WRL,2024-06-19,7052620,775575941
World,OWID_WRL,2024-06-20,7052624,775576201
World,OWID_WRL,2024-06-21,7052624,775576397
World,OWID_WRL,2024-06-22,7052636,775578239
World,OWID_WRL,2024-06-23,7052639,775581152
World,OWID_WRL,2024-06-24,7052859,775618883
World,OWID_WRL,2024-06-25,7053328,775621153
World,OWID_WRL,2024-06-26,7053328,775621181
World,OWID_WRL,2024-06-27,7053328,775621586
World,OWID_WRL,2024-06-28,7053329,775621848
World,OWID_WRL,2024-06-29,7053345,775625130
World,OWID_WRL,2024-06-30,7053349,775629018
World,OWID_WRL,2024-07-01,7053588,775670103
World,OWID_WRL,2024-07-02,7054150,775672818
World,OWID_WRL,2024-07-03,7054150,775672840
World,OWID_WRL,2024-07-04,7054150,775673255
World,OWID_WRL,2024-07-05,7054150,775673605
World,OWID_WRL,2024-07-06,7054161,775675000
World,OWID_WRL,2024-07-07,7054166,775678794
World,OWID_WRL,2024-07-08,7054431,775720038
World,OWID_WRL,2024-07-09,7055056,775722738
World,OWID_WRL,2024-07-10,7055056,775722772
World,OWID_WRL,2024-07-11,7055056,775723351
World,OWID_WRL,2024-07-12,7055056,775723719
World,OWID_WRL,2024-07-13,7055062,775724749
World,OWID_WRL,2024-07-14,7055064,775727664
World,OWID_WRL,2024-07-15,7055349,775773756
World,OWID_WRL,2024-07-16,7056111,775777308
World,OWID_WRL,2024-07-17,7056111,775777317
World,OWID_WRL,2024-07-18,7056112,775778386
World,OWID_WRL,2024-07-19,7056112,775778865
World,OWID_WRL,2024-07-20,7056115,775779935
World,OWID_WRL,2024-07-21,7056122,775782003
World,OWID_WRL,2024-07-22,7056454,775834910
World,OWID_WRL,2024-07-23,7057360,775838258
World,OWID_WRL,2024-07-24,7057360,775838310
World,OWID_WRL,2024-07-25,7057360,775839012
World,OWID_WRL,2024-07-26,7057361,775839626
World,OWID_WRL,2024-07-27,7057363,775840554
World,OWID_WRL,2024-07-28,7057372,775842116
World,OWID_WRL,2024-07-29,7057666,775898533
World,OWID_WRL,2024-07-30,7058693,775901455
World,OWID_WRL,2024-07-31,7058693,775901464
World,OWID_WRL,2024-08-01,7058695,775902245
World,OWID_WRL,2024-08-02,7058695,775902911
World,OWID_WRL,2024-08-03,7058696,775903477
World,OWID_WRL,2024-08-04,7058709,775904639
World,OWID_WRL,2024-08-05,7059010,775963141
World,OWID_WRL,2024-08-06,7060117,775965166
World,OWID_WRL,2024-08-07,7060117,775965167
World,OWID_WRL,2024-08-08,7060117,775965946
World,OWID_WRL,2024-08-09,7060117,775966531
World,OWID_WRL,2024-08-10,7060121,775967142
World,OWID_WRL,2024-08-11,7060126,775968479
World,OWID_WRL,2024-08-12,7060386,776026176
World,OWID_WRL,2024-08-13,7061499,776028051
World,OWID_WRL,2024-08-14,7061499,776028054
World,OWID_WRL,2024-08-15,7061499,776028650
World,OWID_WRL,2024-08-16,7061499,776029165
World,OWID_WRL,2024-08-17,7061500,776029603
World,OWID_WRL,2024-08-18,7061510,776030707
World,OWID_WRL,2024-08-19,7061765,776090582
World,OWID_WRL,2024-08-20,7063041,776092120
World,OWID_WRL,2024-08-21,7063041,776092121
World,OWID_WRL,2024-08-22,7063041,776092576
World,OWID_WRL,2024-08-23,7063041,776093045
World,OWID_WRL,2024-08-24,7063041,776093306
World,OWID_WRL,2024-08-25,7063045,776094420
World,OWID_WRL,2024-08-26,7063314,776155723
World,OWID_WRL,2024-08-27,7064690,776157017
World,OWID_WRL,2024-08-28,7064690,776157018
World,OWID_WRL,2024-08-29,7064690,776157428
World,OWID_WRL,2024-08-30,7064690,776157431
World,OWID_WRL,2024-08-31,7064691,776158459
World,OWID_WRL,2024-09-01,7064712,776159409
World,OWID_WRL,2024-09-02,7064975,776225031
World,OWID_WRL,2024-09-03,7066209,776226226
World,OWID_WRL,2024-09-04,7066209,776226229
World,OWID_WRL,2024-09-05,7066209,776226532
World,OWID_WRL,2024-09-06,7066209,776226533
World,OWID_WRL,2024-09-07,7066210,776227210
World,OWID_WRL,2024-09-08,7066217,776227927
World,OWID_WRL,2024-09-09,7066457,776302504
World,OWID_WRL,2024-09-10,7067717,776303680
World,OWID_WRL,2024-09-11,7067717,776303681
World,OWID_WRL,2024-09-12,7067717,776303912
World,OWID_WRL,2024-09-13,7067717,776304171
World,OWID_WRL,2024-09-14,7067719,776304485
World,OWID_WRL,2024-09-15,7067720,776305134
World,OWID_WRL,2024-09-16,7067917,776388552
World,OWID_WRL,2024-09-17,7069021,776389578
World,OWID_WRL,2024-09-18,7069021,776389580
World,OWID_WRL,2024-09-19,7069021,776389750
World,OWID_WRL,2024-09-20,7069021,776389751
World,OWID_WRL,2024-09-21,7069022,776389990
World,OWID_WRL,2024-09-22,7069028,776390472
World,OWID_WRL,2024-09-23,7069253,776473952
World,OWID_WRL,2024-09-24,7070300,776475293
World,OWID_WRL,2024-09-25,7070300,776475297
World,OWID_WRL,2024-09-26,7070300,776475444
World,OWID_WRL,2024-09-27,7070300,776475584
World,OWID_WRL,2024-09-28,7070303,776475873
World,OWID_WRL,2024-09-29,7070305,776476568
World,OWID_WRL,2024-09-30,7070551,776553314
World,OWID_WRL,2024-10-01,7071537,776554557
World,OWID_WRL,2024-10-02,7071537,776554563
World,OWID_WRL,2024-10-03,7071537,776554670
World,OWID_WRL,2024-10-04,7071537,776554759
World,OWID_WRL,2024-10-05,7071541,776555044
World,OWID_WRL,2024-10-06,7071542,776555881
World,OWID_WRL,2024-10-07,7071778,776626436
World,OWID_WRL,2024-10-08,7072590,776627757
World,OWID_WRL,2024-10-09,7072590,776627758
World,OWID_WRL,2024-10-10,7072590,776627826
World,OWID_WRL,2024-10-11,7072590,776627827
World,OWID_WRL,2024-10-12,7072590,776628181
World,OWID_WRL,2024-10-13,7072590,776629050
World,OWID_WRL,2024-10-14,7072832,776685859
World,OWID_WRL,2024-10-15,7073574,776687406
World,OWID_WRL,2024-10-16,7073574,776687416
World,OWID_WRL,2024-10-17,7073574,776687469
World,OWID_WRL,2024-10-18,7073574,776687522
World,OWID_WRL,2024-10-19,7073575,776687926
World,OWID_WRL,2024-10-20,7073575,776688843
World,OWID_WRL,2024-10-21,7073813,776741024
World,OWID_WRL,2024-10-22,7074464,776742506
World,OWID_WRL,2024-10-23,7074464,776742546
World,OWID_WRL,2024-10-24,7074464,776742557
World,OWID_WRL,2024-10-25,7074464,776742608
World,OWID_WRL,2024-10-26,7074465,776743108
World,OWID_WRL,2024-10-27,7074465,776744013
World,OWID_WRL,2024-10-28,7074709,776787645
World,OWID_WRL,2024-10-29,7075306,776789187
World,OWID_WRL,2024-10-30,7075306,776789190
World,OWID_WRL,2024-10-31,7075306,776789237
World,OWID_WRL,2024-11-01,7075312,776789315
World,OWID_WRL,2024-11-02,7075313,776789873
World,OWID_WRL,2024-11-03,7075314,776790671
World,OWID_WRL,2024-11-04,7075502,776830856
World,OWID_WRL,2024-11-05,7076046,776832538
World,OWID_WRL,2024-11-06,7076046,776832546
World,OWID_WRL,2024-11-07,7076046,776832572
World,OWID_WRL,2024-11-08,7076046,776832597
World,OWID_WRL,2024-11-09,7076046,776833172
World,OWID_WRL,2024-11-10,7076047,776834237
World,OWID_WRL,2024-11-11,7076230,776875118
World,OWID_WRL,2024-11-12,7076756,776876857
World,OWID_WRL,2024-11-13,7076756,776876867
World,OWID_WRL,2024-11-14,7076756,776876901
World,OWID_WRL,2024-11-15,7076756,776876924
World,OWID_WRL,2024-11-16,7076757,776877437
World,OWID_WRL,2024-11-17,7076759,776878606
World,OWID_WRL,2024-11-18,7076932,776923054
World,OWID_WRL,2024-11-19,7077387,776924330
World,OWID_WRL,2024-11-20,7077387,776924344
World,OWID_WRL,2024-11-21,7077387,776924375
World,OWID_WRL,2024-11-22,7077387,776924381
World,OWID_WRL,2024-11-23,7077387,776924904
World,OWID_WRL,2024-11-24,7077387,776926156
World,OWID_WRL,2024-11-25,7077553,776972673
World,OWID_WRL,2024-11-26,7078025,776973803
World,OWID_WRL,2024-11-27,7078025,776973812
World,OWID_WRL,2024-11-28,7078025,776973845
World,OWID_WRL,2024-11-29,7078025,776973869
World,OWID_WRL,2024-11-30,7078030,776974393
World,OWID_WRL,2024-12-01,7078041,776975773
World,OWID_WRL,2024-12-02,7078198,777024069
World,OWID_WRL,2024-12-03,7078609,777025327
World,OWID_WRL,2024-12-04,7078609,777025365
World,OWID_WRL,2024-12-05,7078609,777025369
World,OWID_WRL,2024-12-06,7078604,777024779
World,OWID_WRL,2024-12-07,7078604,777024779
World,OWID_WRL,2024-12-08,7078604,777026399
World,OWID_WRL,2024-12-09,7078715,777072756
World,OWID_WRL,2024-12-10,7079128,777073981
World,OWID_WRL,2024-12-11,7079128,777073981
World,OWID_WRL,2024-12-12,7079128,777074015
World,OWID_WRL,2024-12-13,7079128,777074039
World,OWID_WRL,2024-12-14,7079128,777074039
World,OWID_WRL,2024-12-15,7079129,777074039
