airtable_id,Identifier,Slug,Title,Biomedical Area,Task,Subtask,Status,Source Type,Tag,Target Organism,Docker Architecture,Incorporation Date,Incorporation Year,Incorporation Quarter,Publication Year,Image Size,Model Size,Environment Size,License,Deployment,DockerHub,S3,Source Code,Contributor,Contributor Profile,Description,GitHub,Input,Input Dimension,Interpretation,Last Packaging Date,Output,Output Consistency,Output Dimension,Publication,Publication Type,Release,Repository,Source,Install Python Version,Computational Performance 1,Computational Performance 2,Computational Performance 3,Computational Performance 4,Computational Performance 5
recMODL000000001,eos1aaa,eos1aaa,Fixture model eos1aaa,['Antimicrobial resistance'],['Annotation'],['Activity prediction'],['Ready'],['External'],['Antimicrobial activity'],['Mycobacterium tuberculosis'],"['AMD64', 'ARM64']",2021-05-01,2021,,2020,1400.5,120,2100,['MIT'],['Local'],https://example.invalid/eos1aaa,https://example.invalid/eos1aaa.zip,https://example.invalid/eos1aaa-src,['alpha-dev'],,,,['Compound'],1,,2021-05-01,['Value'],Fixed,1,,Paper,,,,3.10,30,28,35,90,260
recMODL000000002,eos2bbb,eos2bbb,Fixture model eos2bbb,['Any'],['Representation'],['Featurization'],['Ready'],['Internal'],['Descriptor'],['Any'],['AMD64'],2022-02-14,2022,,2022,780.0,120,2100,['MIT'],['Local'],https://example.invalid/eos2bbb,https://example.invalid/eos2bbb.zip,https://example.invalid/eos2bbb-src,['alpha-dev'],,,,['Compound'],1,,2022-02-14,['Value'],Fixed,1,,Paper,,,,3.10,26,24,30,120,-1
recMODL000000003,eos3ccc,eos3ccc,Fixture model eos3ccc,['Malaria'],['Annotation'],['Property calculation'],['In progress'],['External'],['ADME'],['Plasmodium falciparum'],"['AMD64', 'ARM64']",2023-07-20,2023,,2019,5200.25,120,2100,['MIT'],['Local'],https://example.invalid/eos3ccc,https://example.invalid/eos3ccc.zip,https://example.invalid/eos3ccc-src,['alpha-dev'],,,,['Compound'],1,,2023-07-20,['Value'],Fixed,1,,Paper,,,,,40,300,-1,-1,-1
recMODL000000004,eos4ddd,eos4ddd,Fixture model eos4ddd,['Any'],['Sampling'],['Generation'],['Archived'],['Replicated'],['Compound generation'],['Homo sapiens'],['AMD64'],2024-11-05,2024,,2024,2100.0,120,2100,['MIT'],['Local'],https://example.invalid/eos4ddd,https://example.invalid/eos4ddd.zip,https://example.invalid/eos4ddd-src,['alpha-dev'],,,,['Compound'],1,,2024-11-05,['Value'],Fixed,1,,Paper,,,,,55,60,70,-1,-1
recMODL000000005,eos5eee,eos5eee,Fixture model eos5eee,['Tuberculosis'],['Annotation'],['Activity prediction'],['Ready'],['External'],['ChEMBL'],['Escherichia coli'],"['AMD64', 'ARM64']",2025-06-30,2025,,,,120,2100,['MIT'],['Local'],https://example.invalid/eos5eee,https://example.invalid/eos5eee.zip,https://example.invalid/eos5eee-src,['alpha-dev'],,,,['Compound'],1,,2025-06-30,['Value'],Fixed,1,,Paper,,,,3.10,33,31,38,95,280
recMODL000000006,eos6fff,eos6fff,Fixture model eos6fff,['Malaria'],['Annotation'],['Activity prediction'],['In progress'],['External'],['ChEMBL'],['Plasmodium falciparum'],['AMD64'],2025-12-01,2025,,2025,,120,2100,['MIT'],['Local'],https://example.invalid/eos6fff,https://example.invalid/eos6fff.zip,https://example.invalid/eos6fff-src,['alpha-dev'],,,,['Compound'],1,,2025-12-01,['Value'],Fixed,1,,Paper,,,,,30,30,30,30,30
recMODL000000007,eos7h00,eos7h00,Fixture model eos7h00,['Any'],['Annotation'],['Property calculation'],['Ready'],['External'],['ADME'],['Any'],['AMD64'],2025-01-01,2025,,2024,3500.0,120,2100,['MIT'],['Local'],https://example.invalid/eos7h00,https://example.invalid/eos7h00.zip,https://example.invalid/eos7h00-src,['alpha-dev'],,,,['Compound'],1,,2025-01-01,['Value'],Fixed,1,,Paper,,,,3.10,30,32,35,40,-1
recMODL000000008,eos7h01,eos7h01,Fixture model eos7h01,['Any'],['Annotation'],['Property calculation'],['Ready'],['External'],['ADME'],['Any'],['AMD64'],2025-02-01,2025,,2024,3600.0,120,2100,['MIT'],['Local'],https://example.invalid/eos7h01,https://example.invalid/eos7h01.zip,https://example.invalid/eos7h01-src,['alpha-dev'],,,,['Compound'],1,,2025-02-01,['Value'],Fixed,1,,Paper,,,,3.10,30,32,35,40,-1
recMODL000000009,eos7h02,eos7h02,Fixture model eos7h02,['Any'],['Annotation'],['Property calculation'],['Ready'],['External'],['ADME'],['Any'],['AMD64'],2025-03-01,2025,,2024,3700.0,120,2100,['MIT'],['Local'],https://example.invalid/eos7h02,https://example.invalid/eos7h02.zip,https://example.invalid/eos7h02-src,['alpha-dev'],,,,['Compound'],1,,2025-03-01,['Value'],Fixed,1,,Paper,,,,3.10,30,32,35,40,-1
recMODL000000010,eos7h03,eos7h03,Fixture model eos7h03,['Any'],['Annotation'],['Property calculation'],['Ready'],['External'],['ADME'],['Any'],['AMD64'],2025-04-01,2025,,2024,3800.0,120,2100,['MIT'],['Local'],https://example.invalid/eos7h03,https://example.invalid/eos7h03.zip,https://example.invalid/eos7h03-src,['alpha-dev'],,,,['Compound'],1,,2025-04-01,['Value'],Fixed,1,,Paper,,,,3.10,30,32,35,40,-1
recMODL000000011,eos7h04,eos7h04,Fixture model eos7h04,['Any'],['Annotation'],['Property calculation'],['Ready'],['External'],['ADME'],['Any'],['AMD64'],2025-05-01,2025,,2024,3900.0,120,2100,['MIT'],['Local'],https://example.invalid/eos7h04,https://example.invalid/eos7h04.zip,https://example.invalid/eos7h04-src,['alpha-dev'],,,,['Compound'],1,,2025-05-01,['Value'],Fixed,1,,Paper,,,,3.10,30,32,35,40,-1
recMODL000000012,eos7h05,eos7h05,Fixture model eos7h05,['Any'],['Annotation'],['Property calculation'],['Ready'],['External'],['ADME'],['Any'],['AMD64'],2025-06-01,2025,,2024,4000.0,120,2100,['MIT'],['Local'],https://example.invalid/eos7h05,https://example.invalid/eos7h05.zip,https://example.invalid/eos7h05-src,['alpha-dev'],,,,['Compound'],1,,2025-06-01,['Value'],Fixed,1,,Paper,,,,3.10,30,32,35,40,-1
recMODL000000013,eos7h06,eos7h06,Fixture model eos7h06,['Any'],['Annotation'],['Property calculation'],['Ready'],['External'],['ADME'],['Any'],['AMD64'],2025-07-01,2025,,2024,4100.0,120,2100,['MIT'],['Local'],https://example.invalid/eos7h06,https://example.invalid/eos7h06.zip,https://example.invalid/eos7h06-src,['alpha-dev'],,,,['Compound'],1,,2025-07-01,['Value'],Fixed,1,,Paper,,,,3.10,30,32,35,40,-1
recMODL000000014,eos7h07,eos7h07,Fixture model eos7h07,['Any'],['Annotation'],['Property calculation'],['Ready'],['External'],['ADME'],['Any'],['AMD64'],2025-08-01,2025,,2024,4200.0,120,2100,['MIT'],['Local'],https://example.invalid/eos7h07,https://example.invalid/eos7h07.zip,https://example.invalid/eos7h07-src,['alpha-dev'],,,,['Compound'],1,,2025-08-01,['Value'],Fixed,1,,Paper,,,,3.10,30,32,35,40,-1
recMODL000000015,eos7h08,eos7h08,Fixture model eos7h08,['Any'],['Annotation'],['Property calculation'],['Ready'],['External'],['ADME'],['Any'],['AMD64'],2025-09-01,2025,,2024,4300.0,120,2100,['MIT'],['Local'],https://example.invalid/eos7h08,https://example.invalid/eos7h08.zip,https://example.invalid/eos7h08-src,['alpha-dev'],,,,['Compound'],1,,2025-09-01,['Value'],Fixed,1,,Paper,,,,3.10,30,32,35,40,-1
recMODL000000016,eos7h09,eos7h09,Fixture model eos7h09,['Any'],['Annotation'],['Property calculation'],['Ready'],['External'],['ADME'],['Any'],['AMD64'],2025-10-01,2025,,2024,4400.0,120,2100,['MIT'],['Local'],https://example.invalid/eos7h09,https://example.invalid/eos7h09.zip,https://example.invalid/eos7h09-src,['alpha-dev'],,,,['Compound'],1,,2025-10-01,['Value'],Fixed,1,,Paper,,,,3.10,30,32,35,40,-1
