repo,tag,tag_kind,architecture,digest,size_bytes,pushed_at,pulled_at
eos1aaa,latest,rolling,amd64,sha256:fixture-eos1aaa-latest-amd64,900000000,2025-12-01T09:00:00,2025-12-31T09:15:00
eos1aaa,latest,rolling,arm64,sha256:fixture-eos1aaa-latest-arm64,700000000,2025-12-01T09:00:00,2025-12-25T14:30:00
eos2bbb,latest,rolling,amd64,sha256:fixture-eos2bbb-latest-amd64,1200000000,2025-12-01T09:00:00,2025-12-28T03:05:00
eos2bbb,latest,rolling,arm64,sha256:fixture-eos2bbb-latest-arm64,1100000000,2025-12-01T09:00:00,2025-12-28T03:07:00
eos3ccc,latest,rolling,amd64,sha256:fixture-eos3ccc-latest-amd64,5000000000,2025-08-01T09:00:00,2025-09-01T22:00:00
eos4ddd,latest,rolling,amd64,sha256:fixture-eos4ddd-latest-amd64,2000000000,2025-11-15T09:00:00,2025-12-15T11:00:00
eos4ddd,latest,rolling,arm64,sha256:fixture-eos4ddd-latest-arm64,1800000000,2025-11-15T09:00:00,2025-12-10T11:02:00
eos5eee,latest,rolling,amd64,sha256:fixture-eos5eee-latest-amd64,300000000,2025-12-01T09:00:00,2025-12-26T06:00:00
eos1aaa,2025-06-01,dated,amd64,sha256:fixture-eos1aaa-2025-06-01-amd64,650000000,2025-06-01T09:00:00,2025-07-01T10:00:00
eos2bbb,2025-03-01,dated,amd64,sha256:fixture-eos2bbb-2025-03-01-amd64,1500000000,2025-03-01T09:00:00,2025-04-02T10:00:00
eos7h00,latest,rolling,amd64,sha256:fixture-eos7h00-latest-amd64,3200000000,2025-10-01T09:00:00,2025-12-10T12:00:00
eos7h01,latest,rolling,amd64,sha256:fixture-eos7h01-latest-amd64,3300000000,2025-10-01T09:00:00,2025-12-11T12:00:00
eos7h02,latest,rolling,amd64,sha256:fixture-eos7h02-latest-amd64,3400000000,2025-10-01T09:00:00,2025-12-12T12:00:00
eos7h03,latest,rolling,amd64,sha256:fixture-eos7h03-latest-amd64,3500000000,2025-10-01T09:00:00,2025-12-13T12:00:00
eos7h04,latest,rolling,amd64,sha256:fixture-eos7h04-latest-amd64,3600000000,2025-10-01T09:00:00,2025-12-14T12:00:00
eos7h05,latest,rolling,amd64,sha256:fixture-eos7h05-latest-amd64,3700000000,2025-10-01T09:00:00,2025-12-15T12:00:00
eos7h06,latest,rolling,amd64,sha256:fixture-eos7h06-latest-amd64,3800000000,2025-10-01T09:00:00,2025-12-16T12:00:00
eos7h07,latest,rolling,amd64,sha256:fixture-eos7h07-latest-amd64,3900000000,2025-10-01T09:00:00,2025-12-17T12:00:00
eos7h08,latest,rolling,amd64,sha256:fixture-eos7h08-latest-amd64,4000000000,2025-10-01T09:00:00,2025-12-18T12:00:00
eos7h09,latest,rolling,amd64,sha256:fixture-eos7h09-latest-amd64,4100000000,2025-10-01T09:00:00,2025-12-19T12:00:00
