table,base,table_id,base_id
Organisations,Ersilia Content,tblxKMlzYuoSzBaDC,app1iYv78K6xbHkmL
Projects,Ersilia Content,tblQlxprqUmjHxrmF,app1iYv78K6xbHkmL
Community,Ersilia Content,tblS9TeBRYUpLwSCk,app1iYv78K6xbHkmL
Blogposts,Ersilia Content,tblsBj6ZoDNMlmrzm,app1iYv78K6xbHkmL
Publications,Ersilia Content,tbljYubYjWAtO1ab8,app1iYv78K6xbHkmL
Events,Ersilia Content,tbltd1A9nnXy6Ug8p,app1iYv78K6xbHkmL
Repositories,Ersilia Content,tbluZtI3W9pseCSPH,app1iYv78K6xbHkmL
Conferences,Ersilia Content,tblLPfxLvlsaWNPsr,app1iYv78K6xbHkmL
Countries,Ersilia Content,tblujd4T9of8KAmP2,app1iYv78K6xbHkmL
Models,Ersilia Model Hub,tblAfOWRbA7bI1VTB,appR6ZwgLgG8RTdoU
