login,repositories
GemmaTuron,300
miquelduranfrigola,257
arnaucoma24,159
Marina18,119
DhanshreeA,91
Abellegese,83
ifeoluwafavour,33
HellenNamulinda,26
Amna-28,23
ZakiaYahya,19
samuelmaina,19
emmakodes,16
JHlozek,15
carcablop,9
simrantan,9
Richiio,7
febielin,7
pittmanriley,7
TiagoJanela,6
leoank,6
Malikbadmus,5
brosular,5
leilayesufu,5
paulinebanye,5
svolk19-stanford,5
anamika-yadav99,4
dmc-au,4
dzumii,4
musasizivictoria,4
AnushkaShreyam,3
AzeematRaji,3
Femme-js,3
GrantBirki,3
Inyrkz,3
OlawumiSalaam,3
ankitskvmdam,3
azycn,3
marcostorrework,3
megamanics,3
AnnaMontaner,2
Faith-Adegoke,2
InesVN,2
Lehcar,2
P-Mefut,2
honeyankit,2
kartikey-vyas,2
kurysauce,2
nicholas-kondal,2
patrickwalsh26,2
ziminqian,2
222tudor,1
AC-Dap,1
AditiiTripathii,1
Ajoke23,1
Ak-Sure,1
AnshuKumari197,1
Apl0x,1
BolajiAyodeji,1
CurtisColwell,1
D1M1TR10S,1
Darkbeast-glitch,1
DokuaAsiedu,1
ECD5A,1
Elizabeth-Joseph-Mawutin,1
GentRoyal,1
Jaya3112,1
JoyProg,1
JuliaPoulson,1
Jvizhco,1
Kcfreshly,1
KimFarida,1
LauraGomezjurado,1
Med16-11,1
MissTife,1
NicklasOsterbacka,1
Prachi-22-81,1
Pramodinikarlapudi,1
Riyabelle25,1
RudolfStander,1
Rufaida98,1
SHRIYA1706,1
SamuelGabriel,1
Sukriti-sood,1
adebisi4145,1
adeola-dev,1
aderemi1224,1
aleixgimeno,1
amueller,1
anshikavashistha,1
arobri67,1
arushi2715,1
bertakaraim,1
bodoque-01,1
busiratbolanle,1
callum-lee,1
christophhillisch,1
crwhite14,1
daud99,1
dauinh,1
dchidindu5,1
eddiebergman,1
ericwang1409,1
frank-hutter,1
halx,1
hampusgs,1
harshita214,1
herbiekaps,1
hungngu1301,1
itsmedeepak,1
jeqcho,1
jmassardo,1
jubril-adeyi,1
julietugo,1
kbetty,1
khuddzu,1
loweyvana,1
lukaskourilcz,1
lynden95,1
martwebber,1
mercybassey,1
msalvany,1
msteijaert,1
mushashu,1
noahho,1
olamidepeterojo,1
ostapp4,1
pavithranair,1
penfever,1
phevosp,1
ps-19,1
raul-bermejo,1
raweru,1
reneeperpignan,1
sabineploteau,1
sayantani11,1
schnurrd,1
sdruskat,1
sha256feng,1
shaknz,1
shogo-d-nakamura,1
snufkinwa,1
steph-mcd,1
stevencruzm,1
sucksido,1
tabpfn-anonym,1
teddyCodex,1
thepinkelmo,1
theresahuang23,1
thisisntnathan,1
tlhr,1
tobiasploetz,1
tongyu0924,1
tracynuwagaba,1
ugo-bee,1
victorabba,1
vivekkatial,1
web-flow,1
