name,starred_at
chempfn,2023-03-15
chempfn,2023-03-22
chempfn,2023-04-01
chempfn,2023-04-17
chempfn,2023-05-25
chempfn,2023-05-28
chempfn,2023-06-01
chempfn,2023-06-16
chempfn,2023-06-20
chempfn,2023-06-27
chempfn,2023-06-30
chempfn,2023-07-13
chempfn,2023-07-22
chempfn,2023-07-23
chempfn,2023-08-08
chempfn,2023-08-16
chempfn,2023-09-10
chempfn,2023-09-28
chempfn,2023-10-12
chempfn,2023-10-22
chempfn,2023-11-21
chempfn,2023-12-20
chempfn,2023-12-22
chempfn,2024-01-17
chempfn,2024-03-15
chempfn,2024-04-08
chempfn,2024-04-13
chempfn,2024-04-22
chempfn,2024-11-26
chempfn,2025-02-11
chempfn,2025-03-26
chempfn,2025-06-13
chempfn,2025-07-22
chempfn,2026-01-21
chempfn,2026-06-01
chemxor,2022-04-19
chemxor,2022-08-09
chemxor,2022-08-16
chemxor,2022-09-12
chemxor,2023-03-25
chemxor,2023-06-28
chemxor,2023-07-09
chemxor,2023-09-21
chemxor,2024-04-12
chemxor,2024-12-08
chemxor,2025-02-08
chemxor,2025-02-25
chemxor,2025-05-04
compound-embedding,2023-01-01
compound-embedding,2023-03-14
compound-embedding,2023-03-17
compound-embedding,2024-01-17
compound-embedding,2024-02-05
ersilia,2020-11-27
ersilia,2021-02-15
ersilia,2021-03-04
ersilia,2021-05-08
ersilia,2021-06-08
ersilia,2021-06-21
ersilia,2021-06-22
ersilia,2021-07-29
ersilia,2021-08-03
ersilia,2021-09-21
ersilia,2021-12-14
ersilia,2021-12-18
ersilia,2022-01-10
ersilia,2022-01-27
ersilia,2022-03-26
ersilia,2022-03-26
ersilia,2022-03-26
ersilia,2022-03-26
ersilia,2022-03-26
ersilia,2022-03-27
ersilia,2022-03-27
ersilia,2022-03-28
ersilia,2022-03-30
ersilia,2022-03-30
ersilia,2022-03-30
ersilia,2022-03-31
ersilia,2022-03-31
ersilia,2022-04-01
ersilia,2022-04-02
ersilia,2022-04-04
ersilia,2022-04-05
ersilia,2022-04-05
ersilia,2022-04-06
ersilia,2022-04-06
ersilia,2022-04-09
ersilia,2022-04-13
ersilia,2022-04-14
ersilia,2022-04-21
ersilia,2022-04-23
ersilia,2022-04-28
ersilia,2022-04-29
ersilia,2022-04-30
ersilia,2022-04-30
ersilia,2022-05-03
ersilia,2022-05-03
ersilia,2022-05-04
ersilia,2022-05-04
ersilia,2022-05-08
ersilia,2022-05-12
ersilia,2022-05-25
ersilia,2022-05-30
ersilia,2022-06-15
ersilia,2022-06-16
ersilia,2022-06-16
ersilia,2022-06-20
ersilia,2022-06-24
ersilia,2022-06-24
ersilia,2022-08-25
ersilia,2022-08-31
ersilia,2022-08-31
ersilia,2022-09-01
ersilia,2022-09-04
ersilia,2022-09-15
ersilia,2022-09-21
ersilia,2022-09-23
ersilia,2022-10-01
ersilia,2022-10-08
ersilia,2022-10-08
ersilia,2022-10-09
ersilia,2022-10-10
ersilia,2022-10-10
ersilia,2022-10-11
ersilia,2022-10-11
ersilia,2022-10-11
ersilia,2022-10-13
ersilia,2022-10-13
ersilia,2022-10-15
ersilia,2022-10-16
ersilia,2022-10-17
ersilia,2022-10-17
ersilia,2022-10-19
ersilia,2022-10-23
ersilia,2022-10-26
ersilia,2022-10-28
ersilia,2022-11-01
ersilia,2022-11-07
ersilia,2022-11-16
ersilia,2022-12-20
ersilia,2023-01-06
ersilia,2023-01-11
ersilia,2023-01-19
ersilia,2023-01-24
ersilia,2023-02-15
ersilia,2023-02-20
ersilia,2023-02-21
ersilia,2023-03-01
ersilia,2023-03-02
ersilia,2023-03-07
ersilia,2023-03-08
ersilia,2023-03-08
ersilia,2023-03-08
ersilia,2023-03-13
ersilia,2023-03-13
ersilia,2023-03-15
ersilia,2023-03-16
ersilia,2023-03-17
ersilia,2023-03-20
ersilia,2023-03-23
ersilia,2023-03-25
ersilia,2023-04-11
ersilia,2023-04-12
ersilia,2023-04-18
ersilia,2023-04-24
ersilia,2023-05-03
ersilia,2023-05-10
ersilia,2023-05-17
ersilia,2023-05-21
ersilia,2023-06-28
ersilia,2023-07-09
ersilia,2023-07-20
ersilia,2023-08-24
ersilia,2023-09-22
ersilia,2023-09-24
ersilia,2023-09-27
ersilia,2023-10-02
ersilia,2023-10-04
ersilia,2023-10-04
ersilia,2023-10-04
ersilia,2023-10-04
ersilia,2023-10-04
ersilia,2023-10-04
ersilia,2023-10-04
ersilia,2023-10-05
ersilia,2023-10-06
ersilia,2023-10-06
ersilia,2023-10-06
ersilia,2023-10-07
ersilia,2023-10-09
ersilia,2023-10-13
ersilia,2023-10-23
ersilia,2023-10-24
ersilia,2023-10-27
ersilia,2023-11-10
ersilia,2023-11-10
ersilia,2023-11-13
ersilia,2023-11-19
ersilia,2023-11-30
ersilia,2023-12-01
ersilia,2023-12-13
ersilia,2023-12-18
ersilia,2023-12-31
ersilia,2023-12-31
ersilia,2024-01-12
ersilia,2024-01-12
ersilia,2024-01-16
ersilia,2024-01-28
ersilia,2024-02-15
ersilia,2024-02-24
ersilia,2024-03-01
ersilia,2024-03-03
ersilia,2024-03-04
ersilia,2024-03-05
ersilia,2024-03-05
ersilia,2024-03-06
ersilia,2024-03-07
ersilia,2024-03-07
ersilia,2024-03-08
ersilia,2024-03-08
ersilia,2024-03-08
ersilia,2024-03-08
ersilia,2024-03-10
ersilia,2024-03-10
ersilia,2024-03-11
ersilia,2024-03-13
ersilia,2024-03-17
ersilia,2024-03-17
ersilia,2024-03-21
ersilia,2024-03-21
ersilia,2024-03-22
ersilia,2024-04-17
ersilia,2024-04-27
ersilia,2024-05-23
ersilia,2024-06-13
ersilia,2024-06-17
ersilia,2024-07-24
ersilia,2024-08-08
ersilia,2024-08-09
ersilia,2024-08-16
ersilia,2024-08-17
ersilia,2024-08-21
ersilia,2024-08-22
ersilia,2024-08-23
ersilia,2024-09-10
ersilia,2024-09-10
ersilia,2024-09-12
ersilia,2024-09-15
ersilia,2024-09-19
ersilia,2024-09-24
ersilia,2024-10-01
ersilia,2024-10-02
ersilia,2024-10-02
ersilia,2024-10-02
ersilia,2024-10-03
ersilia,2024-10-04
ersilia,2024-10-05
ersilia,2024-10-09
ersilia,2024-10-14
ersilia,2024-10-24
ersilia,2024-10-24
ersilia,2024-10-25
ersilia,2024-10-28
ersilia,2024-10-29
ersilia,2024-10-31
ersilia,2024-11-05
ersilia,2024-11-07
ersilia,2024-11-15
ersilia,2024-11-15
ersilia,2024-11-16
ersilia,2024-11-17
ersilia,2024-11-25
ersilia,2024-12-09
ersilia,2024-12-27
ersilia,2024-12-27
ersilia,2024-12-31
ersilia,2025-01-02
ersilia,2025-01-10
ersilia,2025-01-13
ersilia,2025-01-29
ersilia,2025-02-04
ersilia,2025-02-06
ersilia,2025-02-08
ersilia,2025-02-26
ersilia,2025-03-07
ersilia,2025-03-12
ersilia,2025-03-14
ersilia,2025-03-17
ersilia,2025-03-17
ersilia,2025-03-18
ersilia,2025-03-18
ersilia,2025-03-18
ersilia,2025-03-18
ersilia,2025-03-19
ersilia,2025-03-20
ersilia,2025-03-21
ersilia,2025-04-03
ersilia,2025-04-10
ersilia,2025-04-10
ersilia,2025-05-10
ersilia,2025-05-16
ersilia,2025-05-20
ersilia,2025-05-30
ersilia,2025-06-09
ersilia,2025-06-15
ersilia,2025-06-16
ersilia,2025-06-16
ersilia,2025-06-25
ersilia,2025-07-01
ersilia,2025-07-13
ersilia,2025-08-04
ersilia,2025-08-05
ersilia,2025-08-12
ersilia,2025-08-13
ersilia,2025-08-14
ersilia,2025-08-21
ersilia,2025-08-25
ersilia,2025-08-26
ersilia,2025-08-27
ersilia,2025-09-10
ersilia,2025-09-10
ersilia,2025-09-11
ersilia,2025-09-24
ersilia,2025-09-28
ersilia,2025-09-30
ersilia,2025-10-15
ersilia,2025-10-18
ersilia,2025-10-19
ersilia,2025-11-07
ersilia,2025-11-10
ersilia,2025-11-26
ersilia,2025-12-04
ersilia,2025-12-05
ersilia,2025-12-10
ersilia,2025-12-15
ersilia,2025-12-21
ersilia,2026-02-02
ersilia,2026-02-23
ersilia,2026-02-27
ersilia,2026-03-19
ersilia,2026-03-20
ersilia,2026-03-23
ersilia,2026-03-23
ersilia,2026-04-17
ersilia,2026-04-21
ersilia,2026-05-10
ersilia,2026-05-15
ersilia,2026-06-03
ersilia,2026-06-05
ersilia,2026-06-16
ersilia,2026-06-18
ersilia,2026-06-26
ersilia,2026-07-01
ersilia,2026-07-11
ersilia,2026-07-16
ersilia,2026-07-21
ersilia,2026-07-21
ersilia,2026-07-21
ersilia-pack,2024-10-03
ersilia-pack,2025-06-16
ersilia-pack,2025-06-16
ersilia-pack,2025-06-26
ersilia-pack,2025-11-24
ersilia-pack,2025-12-08
event-fund-ai-drug-discovery,2022-09-26
event-fund-ai-drug-discovery,2022-09-26
event-fund-ai-drug-discovery,2022-09-27
event-fund-ai-drug-discovery,2022-10-21
event-fund-ai-drug-discovery,2022-10-24
event-fund-ai-drug-discovery,2022-11-17
event-fund-ai-drug-discovery,2023-08-09
event-fund-ai-drug-discovery,2023-09-03
event-fund-ai-drug-discovery,2023-09-26
lazy-qsar,2022-09-12
lazy-qsar,2023-08-25
lazy-qsar,2023-08-28
lazy-qsar,2024-11-10
lazy-qsar,2025-05-28
lazy-qsar,2025-06-03
lazy-qsar,2025-09-23
outreachy-contributions,2025-03-18
outreachy-contributions,2025-03-18
outreachy-contributions,2025-03-19
outreachy-contributions,2025-03-19
outreachy-contributions,2025-03-20
outreachy-contributions,2025-03-21
outreachy-contributions,2025-03-21
outreachy-contributions,2025-06-27
outreachy-contributions,2025-08-27
smiles-to-3d,2024-07-02
smiles-to-3d,2024-11-07
smiles-to-3d,2025-01-23
smiles-to-3d,2025-10-31
smiles-to-3d,2025-10-31
smiles-to-3d,2026-01-06
smiles-to-3d,2026-01-30
smiles-to-3d,2026-05-07
zaira-chem-v1,2022-02-10
zaira-chem-v1,2022-04-08
zaira-chem-v1,2022-04-11
zaira-chem-v1,2022-05-12
zaira-chem-v1,2022-05-30
zaira-chem-v1,2022-09-12
zaira-chem-v1,2022-10-02
zaira-chem-v1,2023-01-06
zaira-chem-v1,2023-03-18
zaira-chem-v1,2023-05-03
zaira-chem-v1,2023-05-14
zaira-chem-v1,2023-08-02
zaira-chem-v1,2023-08-15
zaira-chem-v1,2023-08-22
zaira-chem-v1,2023-08-26
zaira-chem-v1,2023-11-13
zaira-chem-v1,2023-11-14
zaira-chem-v1,2023-11-26
zaira-chem-v1,2023-12-17
zaira-chem-v1,2023-12-18
zaira-chem-v1,2024-01-05
zaira-chem-v1,2024-01-09
zaira-chem-v1,2024-02-04
zaira-chem-v1,2024-03-01
zaira-chem-v1,2024-04-23
zaira-chem-v1,2024-05-18
zaira-chem-v1,2024-07-30
zaira-chem-v1,2024-10-12
zaira-chem-v1,2024-11-10
zaira-chem-v1,2024-11-13
zaira-chem-v1,2024-12-20
zaira-chem-v1,2025-01-01
zaira-chem-v1,2025-02-08
zaira-chem-v1,2025-02-15
zaira-chem-v1,2025-04-10
zaira-chem-v1,2025-05-04
zaira-chem-v1,2025-05-27
zaira-chem-v1,2025-06-26
zaira-chem-v1,2025-07-22
zaira-chem-v1,2025-08-26
zaira-chem-v1,2025-09-10
zaira-chem-v1,2025-09-13
zaira-chem-v1,2025-10-27
zaira-chem-v1,2025-11-10
zaira-chem-v1,2026-06-09
