repo,manager,package,version,extra
eos1aaa,pip,rdkit,2026.3.4,
eos1aaa,pip,numpy,1.26.4,
eos3ccc,pip,rdkit,2026.3.4,
eos3ccc,pip,torch,2.8.0,
eos3ccc,conda,openbabel,3.2.1,conda-forge
eos7h00,pip,rdkit,2026.3.4,
eos7h00,pip,tensorflow,2.8.0,
eos7h00,conda,openbabel,3.2.1,conda-forge
eos7h01,pip,rdkit,2026.3.4,
eos7h01,pip,torch,2.8.0,
eos7h02,pip,rdkit,2026.3.4,
eos7h02,pip,tensorflow,2.8.0,
eos7h03,pip,rdkit,2026.3.4,
eos7h03,pip,torch,2.8.0,
eos7h03,conda,openbabel,3.2.1,conda-forge
eos7h04,pip,rdkit,2026.3.4,
eos7h04,pip,tensorflow,2.8.0,
eos7h05,pip,rdkit,2026.3.4,
eos7h05,pip,torch,2.8.0,
eos7h06,pip,rdkit,2026.3.4,
eos7h06,pip,tensorflow,2.8.0,
eos7h06,conda,openbabel,3.2.1,conda-forge
eos7h07,pip,rdkit,2026.3.4,
eos7h07,pip,torch,2.8.0,
eos7h08,pip,rdkit,2026.3.4,
eos7h08,pip,tensorflow,2.8.0,
eos7h09,pip,rdkit,2026.3.4,
eos7h09,pip,torch,2.8.0,
eos7h09,conda,openbabel,3.2.1,conda-forge
